Date and Time,Water Level (in),Volume (gal)
2025-04-25 14:49:25,58.2,5289
2025-04-25 14:44:18,56.7,5158
2025-04-25 14:39:14,48.4,4396
2025-04-25 14:34:06,41.1,3741
2025-04-25 14:29:02,45.2,4109
2025-04-25 14:23:55,48.2,4380
2025-04-25 14:18:50,48.2,4380
2025-04-25 14:13:45,60.9,5535
2025-04-25 14:08:41,48.5,4413
2025-04-25 14:03:35,59.1,5371
2025-04-25 13:58:30,41.8,3798
2025-04-25 13:53:25,56.2,5109
2025-04-25 13:48:20,49.3,4478
2025-04-25 13:43:14,39.8,3618
2025-04-25 13:38:09,55.3,5027
2025-04-25 13:33:03,49.9,4535
2025-04-25 13:27:57,43.9,3986
2025-04-25 13:22:53,63.4,5765
2025-04-25 13:17:48,53.7,4879
2025-04-25 13:12:43,53.9,4895
2025-04-25 13:07:39,58.6,5330
2025-04-25 13:02:31,61.3,5575
2025-04-25 12:57:26,61.6,5600
2025-04-25 12:52:19,52.6,4781
2025-04-25 12:47:14,45.2,4109
2025-04-25 12:42:08,49.3,4486
2025-04-25 12:37:02,51.9,4715
2025-04-25 12:31:59,58,5273
2025-04-25 12:26:54,59.4,5395
2025-04-25 12:21:49,44.2,4019
2025-04-25 12:16:43,48.7,4429
2025-04-25 12:11:38,43,3905
2025-04-25 12:06:31,49.3,4478
2025-04-25 12:01:27,46.1,4191
2025-04-25 11:56:20,51.6,4691
2025-04-25 11:51:15,54.4,4945
2025-04-25 11:46:11,58.8,5346
2025-04-25 11:41:06,55.7,5060
2025-04-25 11:35:59,53.1,4830
2025-04-25 11:30:55,52.4,4765
2025-04-25 11:25:49,56.2,5109
2025-04-25 11:20:45,61.1,5551
2025-04-25 11:15:41,60.6,5510
2025-04-25 11:10:35,51.4,4675
2025-04-25 11:05:28,63.9,5805
2025-04-25 11:00:24,58.7,5338
2025-04-25 10:55:17,53.9,4904
2025-04-25 10:50:13,57,5183
2025-04-25 10:45:09,46.4,4215
2025-04-25 10:40:03,63.9,5805
2025-04-25 10:34:58,57.1,5191
2025-04-25 10:29:51,64.4,5855
2025-04-25 10:24:47,73.5,6682
2025-04-25 10:19:44,74.5,6772
2025-04-25 10:14:29,82.1,7460
2025-04-25 10:09:24,84.5,7681
2025-04-25 10:04:18,88.1,8009
2025-04-25 09:59:13,84.8,7705
2025-04-25 09:54:09,84.8,7705
2025-04-25 09:49:04,79.7,7247
2025-04-25 09:43:59,76.8,6985
2025-04-25 09:38:54,80.3,7305
2025-04-25 09:33:49,76.1,6919
2025-04-25 09:28:43,78,7091
2025-04-25 09:27:43,76.5,6952
2025-04-25 09:22:39,83.7,7607
2025-04-25 09:17:32,90.8,8255
2025-04-25 09:12:25,89,8091
2025-04-25 09:07:21,90.8,8255
2025-04-25 09:02:14,94.6,8598
2025-04-25 08:57:09,94.3,8574
2025-04-25 08:52:04,98.5,8951
2025-04-25 08:46:59,102.2,9286
2025-04-25 08:41:55,106.3,9664
2025-04-25 08:40:55,106.7,9696
2025-04-25 08:36:55,106.8,9713
2025-04-25 08:33:55,106.7,9696
2025-04-25 08:32:55,106.8,9713
2025-04-25 08:04:49,106.7,9696
2025-04-25 07:59:38,106.6,9688
2025-04-25 07:54:32,106.7,9705
2025-04-25 07:29:32,106.6,9688
2025-04-25 07:16:32,106.4,9672
2025-04-25 07:07:32,106.6,9688
2025-04-25 06:54:32,106.3,9664
2025-04-25 06:53:32,106.5,9680
2025-04-25 06:46:32,106.2,9655
2025-04-25 05:09:03,106.1,9647
2025-04-25 04:34:03,106,9639
2025-04-25 03:52:03,105.8,9623
2025-04-25 03:06:03,105.6,9598
2025-04-25 02:08:32,105.1,9557
2025-04-25 01:47:32,105,9549
2025-04-25 00:56:00,104.6,9508
2025-04-25 00:43:00,104.5,9500
2025-04-25 00:25:27,104.2,9475
2025-04-25 00:21:27,104.2,9475
2025-04-25 00:08:09,104.1,9467
2025-04-25 00:06:09,104,9459
2025-04-24 23:55:56,103.9,9443
2025-04-24 23:50:56,103.9,9443
2025-04-24 23:17:07,103.5,9410
2025-04-24 23:10:07,103.4,9401
2025-04-24 23:01:53,103.2,9385
2025-04-24 22:55:53,103.2,9385
2025-04-24 22:33:53,102.9,9352
2025-04-24 21:39:08,101.9,9262
2025-04-24 21:32:08,101.8,9254
2025-04-24 21:26:52,101.6,9237
2025-04-24 21:23:52,101.6,9237
2025-04-24 21:07:23,101.2,9196
2025-04-24 21:02:16,101.1,9188
2025-04-24 21:01:16,100.8,9164
2025-04-24 20:39:46,100.1,9098
2025-04-24 20:37:46,100,9090
2025-04-24 20:32:40,99.8,9074
2025-04-24 20:30:40,99.8,9074
2025-04-24 20:09:11,99.1,9008
2025-04-24 20:04:06,98.8,8984
2025-04-24 20:03:06,98.8,8984
2025-04-24 19:45:42,98.1,8918
2025-04-24 19:40:39,97.8,8894
2025-04-24 19:39:39,97.8,8894
2025-04-24 19:13:01,96.4,8763
2025-04-24 19:07:56,96,8730
2025-04-24 19:06:56,96,8730
2025-04-24 18:37:19,93.6,8508
2025-04-24 18:32:14,93.1,8467
2025-04-24 18:31:14,93.3,8484
2025-04-24 18:23:05,92.4,8402
2025-04-24 18:18:01,91.7,8336
2025-04-24 18:17:01,91.7,8336
2025-04-24 18:10:54,90.7,8246
2025-04-24 18:05:49,89.8,8165
2025-04-24 18:04:49,89.7,8156
2025-04-24 17:58:41,88.5,8042
2025-04-24 17:53:34,87.3,7935
2025-04-24 17:48:30,85.8,7804
2025-04-24 17:43:25,84,7640
2025-04-24 17:38:19,81.4,7403
2025-04-24 17:33:15,76.5,6952
2025-04-24 17:28:09,62.1,5641
2025-04-24 17:23:04,53.4,4855
2025-04-24 17:17:59,52.8,4797
2025-04-24 17:12:54,42.1,3831
2025-04-24 17:07:49,38.7,3520
2025-04-24 17:02:45,38.8,3528
2025-04-24 16:57:41,30.2,2749
2025-04-24 16:52:28,39.7,3610
2025-04-24 16:47:23,45.1,4101
2025-04-24 16:42:19,24.2,2201
2025-04-24 16:37:14,30.9,2807
2025-04-24 16:32:08,24.7,2242
2025-04-24 16:27:04,26.6,2422
2025-04-24 16:21:59,41.9,3806
2025-04-24 16:16:54,41.1,3733
2025-04-24 16:11:49,38.7,3520
2025-04-24 16:06:43,32,2914
2025-04-24 16:01:38,6.4,579
2025-04-24 15:04:35,0.9,79
2025-04-24 14:43:08,0.9,79
2025-04-24 14:38:08,0.9,79
2025-04-24 14:32:54,1,87
2025-04-24 14:27:48,0.9,79
2025-04-24 14:22:43,13.1,1193
2025-04-24 14:17:38,62.1,5649
2025-04-24 14:12:45,59.4,5404
2025-04-24 14:07:24,50.9,4625
2025-04-24 14:02:19,55,5003
2025-04-24 13:57:13,61.4,5584
2025-04-24 13:52:07,54.3,4936
2025-04-24 13:47:00,53.1,4830
2025-04-24 13:41:56,59.5,5412
2025-04-24 13:36:51,62.1,5641
2025-04-24 13:31:45,55.8,5076
2025-04-24 13:26:42,53.6,4871
2025-04-24 13:21:33,62,5633
2025-04-24 13:16:27,61.1,5551
2025-04-24 13:11:23,53,4814
2025-04-24 13:06:18,55,5003
2025-04-24 13:01:14,62.1,5649
2025-04-24 12:56:09,61,5543
2025-04-24 12:50:58,53,4822
2025-04-24 12:45:54,55.6,5052
2025-04-24 12:40:48,61.9,5625
2025-04-24 12:35:42,57.2,5199
2025-04-24 12:30:36,53,4814
2025-04-24 12:25:31,56.8,5166
2025-04-24 12:20:26,63.2,5748
2025-04-24 12:15:21,58.4,5305
2025-04-24 12:10:15,53,4814
2025-04-24 12:05:11,55.7,5060
2025-04-24 12:00:05,61.2,5559
2025-04-24 11:55:00,64.4,5855
2025-04-24 11:49:55,62.4,5674
2025-04-24 11:44:50,56.4,5125
2025-04-24 11:39:46,58.3,5297
2025-04-24 11:34:40,64.2,5838
2025-04-24 11:29:34,64.7,5879
2025-04-24 11:24:29,58,5273
2025-04-24 11:19:24,54.1,4920
2025-04-24 11:14:19,61.8,5616
2025-04-24 11:09:14,67.7,6157
2025-04-24 11:04:10,64.2,5838
2025-04-24 10:59:04,57.3,5207
2025-04-24 10:53:59,57.4,5215
2025-04-24 10:48:54,55.2,5019
2025-04-24 10:43:48,58.8,5346
2025-04-24 10:38:42,64.5,5863
2025-04-24 10:33:32,66.7,6067
2025-04-24 10:28:28,64.4,5855
2025-04-24 10:23:24,58.8,5346
2025-04-24 10:18:13,61.4,5584
2025-04-24 10:13:08,69.9,6354
2025-04-24 10:08:03,68.7,6247
2025-04-24 10:02:56,63.9,5814
2025-04-24 09:57:51,63.4,5765
2025-04-24 09:52:47,63.9,5814
2025-04-24 09:47:41,69.1,6280
2025-04-24 09:42:35,69.3,6296
2025-04-24 09:37:30,70.3,6395
2025-04-24 09:32:24,63.1,5740
2025-04-24 09:27:19,72.6,6600
2025-04-24 09:22:14,56,5093
2025-04-24 09:17:09,71.2,6469
2025-04-24 09:12:06,75.8,6886
2025-04-24 09:06:59,94,8549
2025-04-24 09:01:55,105,9549
2025-04-24 09:00:55,106.9,9721
2025-04-24 08:27:13,106.9,9721
2025-04-24 08:22:08,107,9729
2025-04-24 07:45:26,106.8,9713
2025-04-24 07:39:21,106.7,9705
2025-04-24 07:38:21,106.9,9721
2025-04-24 07:33:09,106.8,9713
2025-04-24 07:30:09,106.7,9705
2025-04-24 07:25:02,107,9729
2025-04-24 07:23:02,107.1,9737
2025-04-24 07:20:02,107.3,9754
2025-04-24 07:09:44,107.1,9737
2025-04-24 07:07:44,107.2,9745
2025-04-24 06:58:28,107.1,9737
2025-04-24 06:53:24,106.9,9721
2025-04-24 06:48:17,106.8,9713
2025-04-24 06:46:17,106.9,9721
2025-04-24 06:44:17,107.1,9737
2025-04-24 05:59:17,107.1,9737
2025-04-24 05:17:17,106.9,9721
2025-04-24 04:46:38,106.8,9713
2025-04-24 04:26:38,106.8,9713
2025-04-24 03:45:19,106.7,9696
2025-04-24 03:31:19,106.7,9696
2025-04-24 03:13:40,106.5,9680
2025-04-24 03:04:29,106.5,9680
2025-04-24 02:59:23,106.5,9680
2025-04-24 02:58:23,106.1,9647
2025-04-24 02:47:06,105.9,9631
2025-04-24 02:29:06,105.9,9631
2025-04-24 02:00:06,105.8,9615
2025-04-24 01:12:07,105.5,9590
2025-04-24 00:58:07,105.4,9582
2025-04-24 00:47:38,105.2,9565
2025-04-24 00:32:38,105.2,9565
2025-04-23 23:46:38,104.9,9533
2025-04-23 22:35:02,104.1,9467
2025-04-23 22:34:02,104.2,9475
2025-04-23 22:31:02,104.2,9475
2025-04-23 22:16:02,104,9459
2025-04-23 21:47:03,103.7,9426
2025-04-23 21:40:03,103.6,9418
2025-04-23 21:30:46,103.4,9401
2025-04-23 21:26:46,103.4,9401
2025-04-23 20:42:43,102.7,9335
2025-04-23 20:37:43,102.6,9327
2025-04-23 20:27:26,102.3,9303
2025-04-23 20:23:26,102.3,9303
2025-04-23 20:08:26,102,9270
2025-04-23 19:43:29,101.3,9205
2025-04-23 19:41:29,101.3,9205
2025-04-23 19:32:29,101,9180
2025-04-23 19:21:05,100.5,9139
2025-04-23 19:20:05,100.4,9131
2025-04-23 19:12:55,100.1,9098
2025-04-23 19:10:55,100.1,9098
2025-04-23 19:06:55,99.9,9082
2025-04-23 19:00:43,99.5,9049
2025-04-23 18:55:38,99.2,9016
2025-04-23 18:54:38,99.2,9016
2025-04-23 18:44:17,98.5,8951
2025-04-23 18:39:14,98,8910
2025-04-23 18:38:14,98,8910
2025-04-23 18:29:01,97,8820
2025-04-23 18:23:57,96.4,8763
2025-04-23 18:18:52,95.4,8673
2025-04-23 18:13:48,93.7,8516
2025-04-23 18:08:42,87.1,7918
2025-04-23 18:03:35,93,8451
2025-04-23 17:58:30,93.5,8500
2025-04-23 17:53:23,91.3,8304
2025-04-23 17:48:19,84.1,7648
2025-04-23 17:43:13,84.2,7656
2025-04-23 17:38:09,67.6,6149
2025-04-23 17:33:05,78.2,7107
2025-04-23 17:27:59,51.4,4675
2025-04-23 17:22:53,68.4,6215
2025-04-23 17:17:49,70.3,6395
2025-04-23 17:12:43,82.4,7493
2025-04-23 17:07:40,56.2,5109
2025-04-23 17:02:24,62,5633
2025-04-23 16:57:20,60.2,5469
2025-04-23 16:52:14,57.6,5240
2025-04-23 16:47:09,55.6,5052
2025-04-23 16:42:05,54.8,4986
2025-04-23 16:37:01,56.1,5101
2025-04-23 16:31:55,60.9,5535
2025-04-23 16:26:51,63,5724
2025-04-23 16:21:44,60.3,5477
2025-04-23 16:16:41,54.2,4928
2025-04-23 16:11:34,52.5,4773
2025-04-23 16:06:30,55.7,5060
2025-04-23 16:01:23,61.2,5559
2025-04-23 15:56:18,59.4,5395
2025-04-23 15:51:14,53.7,4879
2025-04-23 15:46:09,52.4,4765
2025-04-23 15:41:02,58.2,5289
2025-04-23 15:35:57,60.9,5535
2025-04-23 15:30:51,54.8,4986
2025-04-23 15:25:46,52.4,4765
2025-04-23 15:20:42,58.4,5305
2025-04-23 15:15:44,61.3,5575
2025-04-23 15:10:29,55.4,5035
2025-04-23 15:05:22,51.7,4699
2025-04-23 15:00:48,61.2,5567
2025-04-23 14:54:46,54.4,4945
2025-04-23 14:49:42,52.6,4781
2025-04-23 14:44:33,59.5,5412
2025-04-23 14:39:28,58.7,5338
2025-04-23 14:34:23,53.6,4871
2025-04-23 14:29:16,54.1,4920
2025-04-23 14:24:13,61.6,5600
2025-04-23 14:19:07,58.1,5281
2025-04-23 14:14:03,51.9,4715
2025-04-23 14:08:58,56.5,5134
2025-04-23 14:03:53,61.8,5616
2025-04-23 13:58:47,55.6,5052
2025-04-23 13:53:42,52.3,4756
2025-04-23 13:48:33,59.6,5420
2025-04-23 13:43:30,61.7,5608
2025-04-23 13:38:24,54,4912
2025-04-23 13:33:20,53.9,4895
2025-04-23 13:28:15,62.1,5649
2025-04-23 13:23:10,59.5,5412
2025-04-23 13:18:02,53,4822
2025-04-23 13:12:55,59.6,5420
2025-04-23 13:07:52,61.3,5575
2025-04-23 13:02:45,55.7,5068
2025-04-23 12:57:36,57.9,5265
2025-04-23 12:52:28,62.9,5715
2025-04-23 12:47:24,56.5,5134
2025-04-23 12:42:18,54,4912
2025-04-23 12:37:15,60.5,5502
2025-04-23 12:32:08,62.9,5715
2025-04-23 12:27:03,56.6,5142
2025-04-23 12:21:53,56.7,5158
2025-04-23 12:16:47,62.9,5715
2025-04-23 12:11:43,60.5,5502
2025-04-23 12:06:37,53.9,4895
2025-04-23 12:01:29,59.4,5395
2025-04-23 11:56:23,63.7,5789
2025-04-23 11:51:18,57.7,5248
2025-04-23 11:46:13,55,5003
2025-04-23 11:41:08,62.6,5690
2025-04-23 11:36:04,63.7,5789
2025-04-23 11:30:56,55.4,5035
2025-04-23 11:25:52,55.1,5011
2025-04-23 11:20:47,63.6,5781
2025-04-23 11:15:41,61.3,5575
2025-04-23 11:10:37,55.1,5011
2025-04-23 11:05:30,59,5363
2025-04-23 11:00:27,65.7,5969
2025-04-23 10:55:21,62.9,5715
2025-04-23 10:50:17,56.2,5109
2025-04-23 10:45:10,57.9,5265
2025-04-23 10:40:06,64.9,5904
2025-04-23 10:35:01,65.7,5977
2025-04-23 10:34:01,57.2,5199
2025-04-23 10:28:56,61.9,5625
2025-04-23 10:23:49,66.4,6035
2025-04-23 10:18:44,67.6,6149
2025-04-23 10:13:36,61.2,5567
2025-04-23 10:08:29,59.1,5371
2025-04-23 10:03:25,60.4,5494
2025-04-23 09:58:20,65.4,5945
2025-04-23 09:53:10,66.8,6075
2025-04-23 09:52:10,64.7,5879
2025-04-23 09:47:05,61.5,5592
2025-04-23 09:42:01,58.3,5297
2025-04-23 09:36:54,45.2,4109
2025-04-23 09:31:49,42.4,3855
2025-04-23 09:26:44,47.3,4298
2025-04-23 09:21:40,50.4,4585
2025-04-23 09:16:35,52.5,4773
2025-04-23 09:11:29,58.3,5297
2025-04-23 09:06:23,60.7,5518
2025-04-23 09:01:17,63.4,5765
2025-04-23 08:56:14,72.3,6575
2025-04-23 08:51:09,74.4,6764
2025-04-23 08:46:04,78.9,7173
2025-04-23 08:40:58,83.8,7615
2025-04-23 08:35:52,93.4,8492
2025-04-23 08:30:49,101.7,9245
2025-04-23 08:25:43,106.9,9721
2025-04-23 08:23:43,107.5,9770
2025-04-23 08:17:33,107.6,9778
2025-04-23 08:12:29,107.4,9762
2025-04-23 08:11:29,107.5,9770
2025-04-23 08:09:29,107.5,9770
2025-04-23 08:07:29,107.7,9786
2025-04-23 08:01:29,107.4,9762
2025-04-23 07:59:29,107.7,9786
2025-04-23 07:57:29,107.4,9762
2025-04-23 07:45:55,107.5,9770
2025-04-23 07:40:50,107.3,9754
2025-04-23 07:37:50,107.4,9762
2025-04-23 07:36:50,107.5,9770
2025-04-23 07:31:50,107.3,9754
2025-04-23 07:30:50,107.5,9770
2025-04-23 07:12:18,107.3,9754
2025-04-23 07:07:13,107.3,9754
2025-04-23 07:02:08,106.9,9721
2025-04-23 07:00:08,107.3,9754
2025-04-23 06:56:08,107.1,9737
2025-04-23 06:39:43,107.3,9754
2025-04-23 06:14:06,107.2,9745
2025-04-23 06:10:06,107.2,9745
2025-04-23 06:00:06,107.3,9754
2025-04-23 05:28:06,107.1,9737
2025-04-23 04:33:06,107,9729
2025-04-23 04:10:29,106.9,9721
2025-04-23 03:44:29,106.8,9713
2025-04-23 03:13:23,106.7,9696
2025-04-23 02:59:23,106.7,9696
2025-04-23 02:10:23,106.4,9672
2025-04-23 01:29:23,106.1,9647
2025-04-23 00:36:10,105.7,9606
2025-04-23 00:26:10,105.7,9606
2025-04-22 23:56:10,105.4,9582
2025-04-22 22:34:46,104.4,9492
2025-04-22 22:28:38,104.4,9492
2025-04-22 22:23:32,104.3,9484
2025-04-22 22:18:25,103.8,9435
2025-04-22 22:13:25,103.8,9435
2025-04-22 21:31:29,103.1,9368
2025-04-22 21:27:29,103,9360
2025-04-22 21:20:16,102.8,9344
2025-04-22 21:17:16,102.8,9344
2025-04-22 20:48:40,102.2,9286
2025-04-22 20:46:40,102.1,9278
2025-04-22 20:40:29,101.9,9262
2025-04-22 20:38:29,101.9,9262
2025-04-22 20:20:01,101.3,9213
2025-04-22 20:19:01,101.3,9205
2025-04-22 20:13:54,101.1,9188
2025-04-22 20:11:54,101.1,9188
2025-04-22 19:54:28,100.4,9123
2025-04-22 19:49:23,100.1,9098
2025-04-22 19:47:23,100.1,9098
2025-04-22 19:29:58,99.2,9016
2025-04-22 19:24:55,98.8,8984
2025-04-22 19:23:55,98.8,8984
2025-04-22 19:01:16,97,8820
2025-04-22 19:00:16,96.9,8812
2025-04-22 18:44:20,95.1,8647
2025-04-22 18:43:20,95,8639
2025-04-22 18:37:14,94,8541
2025-04-22 18:32:09,92.9,8443
2025-04-22 18:27:03,91.5,8320
2025-04-22 18:21:57,89.5,8140
2025-04-22 18:16:53,85.3,7755
2025-04-22 18:11:49,76.3,6935
2025-04-22 18:06:44,69.3,6296
2025-04-22 18:01:38,64.9,5904
2025-04-22 17:56:32,60,5453
2025-04-22 17:51:26,56,5093
2025-04-22 17:46:22,51.8,4707
2025-04-22 17:41:17,48.5,4413
2025-04-22 17:36:12,46.2,4199
2025-04-22 17:31:08,44.2,4019
2025-04-22 17:26:01,41.3,3757
2025-04-22 17:20:57,40,3635
2025-04-22 17:15:52,39.1,3553
2025-04-22 17:10:47,40.3,3667
2025-04-22 17:05:42,49.9,4535
2025-04-22 17:00:35,65.3,5936
2025-04-22 16:55:30,63.7,5789
2025-04-22 16:50:24,61.4,5584
2025-04-22 16:45:20,59.8,5436
2025-04-22 16:40:14,55.5,5044
2025-04-22 16:35:11,48.5,4413
2025-04-22 16:30:04,58.9,5355
2025-04-22 16:25:00,54.9,4995
2025-04-22 16:19:54,53.2,4838
2025-04-22 16:14:50,57,5183
2025-04-22 16:09:44,61.2,5567
2025-04-22 16:04:36,60.5,5502
2025-04-22 15:59:28,56.6,5142
2025-04-22 15:54:24,51.1,4642
2025-04-22 15:49:17,52.3,4756
2025-04-22 15:44:14,60.2,5469
2025-04-22 15:39:09,60.2,5469
2025-04-22 15:34:04,53.2,4838
2025-04-22 15:28:57,52.2,4748
2025-04-22 15:23:50,60.1,5461
2025-04-22 15:18:46,60.4,5494
2025-04-22 15:13:41,52.7,4789
2025-04-22 15:08:34,50.2,4560
2025-04-22 15:03:28,56.5,5134
2025-04-22 14:58:24,52.1,4732
2025-04-22 14:53:19,50.9,4625
2025-04-22 14:48:14,55.1,5011
2025-04-22 14:43:09,63,5732
2025-04-22 14:38:05,61.3,5575
2025-04-22 14:32:59,60.4,5494
2025-04-22 14:27:54,54.8,4978
2025-04-22 14:22:49,59.1,5371
2025-04-22 14:17:44,52.6,4781
2025-04-22 14:12:40,56.6,5150
2025-04-22 14:07:36,61.4,5584
2025-04-22 14:02:29,54.8,4986
2025-04-22 13:57:24,51.8,4707
2025-04-22 13:52:19,57.7,5248
2025-04-22 13:47:13,61.6,5600
2025-04-22 13:42:10,56.5,5134
2025-04-22 13:37:04,51.9,4715
2025-04-22 13:36:04,61.9,5625
2025-04-22 13:30:57,57.1,5191
2025-04-22 13:25:53,52.1,4740
2025-04-22 13:20:48,56.4,5125
2025-04-22 13:15:43,61.6,5600
2025-04-22 13:10:40,55,5003
2025-04-22 13:05:29,50.5,4593
2025-04-22 13:00:18,60.8,5526
2025-04-22 12:55:15,61.6,5600
2025-04-22 12:50:09,54.3,4936
2025-04-22 12:45:05,52.1,4732
2025-04-22 12:39:56,62.6,5690
2025-04-22 12:34:49,58.3,5297
2025-04-22 12:29:45,52.8,4797
2025-04-22 12:24:40,57.5,5232
2025-04-22 12:19:35,60.2,5469
2025-04-22 12:14:27,57.3,5207
2025-04-22 12:09:22,65.2,5928
2025-04-22 12:04:17,62.2,5657
2025-04-22 11:59:10,55.5,5044
2025-04-22 11:54:07,53.7,4879
2025-04-22 11:49:01,61.5,5592
2025-04-22 11:43:57,63.6,5781
2025-04-22 11:38:51,65.3,5936
2025-04-22 11:33:46,59.4,5404
2025-04-22 11:28:42,53.2,4838
2025-04-22 11:23:32,55,5003
2025-04-22 11:18:29,50.2,4560
2025-04-22 11:13:23,56.7,5158
2025-04-22 11:08:18,55.6,5052
2025-04-22 11:03:14,61.7,5608
2025-04-22 10:58:08,65.2,5928
2025-04-22 10:53:04,63.9,5814
2025-04-22 10:52:04,56.4,5125
2025-04-22 10:46:58,61.2,5567
2025-04-22 10:41:51,66.3,6026
2025-04-22 10:36:46,65,5912
2025-04-22 10:31:41,60,5453
2025-04-22 10:26:35,58.1,5281
2025-04-22 10:21:30,59,5363
2025-04-22 10:16:26,64,5822
2025-04-22 10:11:18,67.2,6108
2025-04-22 10:06:14,67.6,6141
2025-04-22 10:01:09,62.3,5665
2025-04-22 09:56:04,59.4,5404
2025-04-22 09:50:59,65,5912
2025-04-22 09:45:55,58.6,5330
2025-04-22 09:40:49,40.6,3692
2025-04-22 09:35:44,44.4,4035
2025-04-22 09:30:40,46.9,4265
2025-04-22 09:25:28,48.8,4437
2025-04-22 09:20:25,52.6,4781
2025-04-22 09:15:17,54.8,4978
2025-04-22 09:10:13,63.3,5756
2025-04-22 09:05:10,70,6362
2025-04-22 09:00:03,73.8,6706
2025-04-22 08:54:59,72,6543
2025-04-22 08:49:54,72.2,6567
2025-04-22 08:44:48,87.8,7985
2025-04-22 08:39:43,97.2,8836
2025-04-22 08:34:37,100,9090
2025-04-22 08:29:30,100.1,9098
2025-04-22 08:24:23,106.7,9696
2025-04-22 08:23:23,108.2,9835
2025-04-22 08:14:23,108.2,9835
2025-04-22 08:13:23,108,9819
2025-04-22 08:10:23,108.2,9835
2025-04-22 08:09:23,108,9819
2025-04-22 08:02:01,108.2,9835
2025-04-22 07:56:55,108,9819
2025-04-22 07:45:55,107.9,9811
2025-04-22 07:31:55,107.9,9811
2025-04-22 07:29:55,108.1,9827
2025-04-22 06:56:55,107.8,9803
2025-04-22 06:55:55,108,9819
2025-04-22 06:51:55,107.8,9803
2025-04-22 06:44:55,108.1,9827
2025-04-22 04:56:00,107.7,9795
2025-04-22 04:19:00,107.7,9795
2025-04-22 04:04:00,107.6,9778
2025-04-22 02:58:42,107.5,9770
2025-04-22 02:34:42,107.4,9762
2025-04-22 02:09:35,107.2,9745
2025-04-22 01:56:35,107.2,9745
2025-04-22 01:19:35,107,9729
2025-04-22 00:35:35,106.7,9705
2025-04-21 23:44:41,106.3,9664
2025-04-21 23:41:41,106.4,9672
2025-04-21 23:23:41,106.2,9655
2025-04-21 22:52:41,105.9,9631
2025-04-21 22:01:26,105.3,9574
2025-04-21 21:50:26,105.2,9565
2025-04-21 21:28:50,104.9,9533
2025-04-21 21:23:50,104.8,9525
2025-04-21 21:16:28,104.6,9508
2025-04-21 21:13:28,104.6,9508
2025-04-21 21:08:21,104.5,9500
2025-04-21 21:03:16,104.4,9492
2025-04-21 21:02:16,104,9459
2025-04-21 20:55:07,103.9,9443
2025-04-21 20:53:07,103.8,9435
2025-04-21 20:45:56,103.6,9418
2025-04-21 20:43:56,103.6,9418
2025-04-21 20:22:27,103.1,9368
2025-04-21 20:19:27,103,9360
2025-04-21 20:14:17,102.8,9344
2025-04-21 20:12:17,102.8,9344
2025-04-21 19:44:46,101.8,9254
2025-04-21 19:43:46,101.7,9245
2025-04-21 19:38:40,101.5,9229
2025-04-21 19:36:40,101.5,9229
2025-04-21 19:22:18,100.8,9164
2025-04-21 19:21:18,100.7,9155
2025-04-21 19:13:07,100.2,9106
2025-04-21 19:11:07,100.1,9098
2025-04-21 18:53:49,98.5,8959
2025-04-21 18:52:49,98.5,8951
2025-04-21 18:39:33,96.9,8812
2025-04-21 18:38:33,96.8,8804
2025-04-21 18:32:22,95.7,8697
2025-04-21 18:31:22,95.5,8681
2025-04-21 18:26:15,94.3,8574
2025-04-21 18:25:15,94,8549
2025-04-21 18:20:09,92,8361
2025-04-21 18:19:09,91.5,8320
2025-04-21 18:14:04,85.8,7804
2025-04-21 18:08:59,79,7181
2025-04-21 18:03:52,75.8,6886
2025-04-21 17:58:48,68.3,6206
2025-04-21 17:53:43,62.8,5706
2025-04-21 17:48:34,58.4,5314
2025-04-21 17:47:34,58.4,5305
2025-04-21 17:42:28,55,5003
2025-04-21 17:37:24,51.5,4683
2025-04-21 17:32:17,49.2,4470
2025-04-21 17:31:17,48.3,4388
2025-04-21 17:26:12,45.4,4125
2025-04-21 17:21:06,42.5,3864
2025-04-21 17:16:01,41.7,3790
2025-04-21 17:10:57,40.6,3692
2025-04-21 17:05:50,39.3,3569
2025-04-21 17:00:46,41,3725
2025-04-21 16:55:42,45.7,4150
2025-04-21 16:50:33,64,5822
2025-04-21 16:45:27,67.8,6165
2025-04-21 16:40:23,68.8,6255
2025-04-21 16:35:18,68.6,6239
2025-04-21 16:30:13,66.8,6075
2025-04-21 16:25:08,62.7,5698
2025-04-21 16:20:05,59.1,5371
2025-04-21 16:14:59,57.7,5248
2025-04-21 16:09:53,61,5543
2025-04-21 16:04:48,65.7,5977
2025-04-21 15:59:44,66.3,6026
2025-04-21 15:54:38,61.3,5575
2025-04-21 15:49:35,57.5,5232
2025-04-21 15:44:27,59.2,5379
2025-04-21 15:39:22,65.4,5945
2025-04-21 15:34:17,66.3,6026
2025-04-21 15:29:13,66.6,6051
2025-04-21 15:24:07,59.2,5379
2025-04-21 15:19:03,59.2,5379
2025-04-21 15:13:57,65.7,5969
2025-04-21 15:08:52,67.5,6133
2025-04-21 15:03:43,62.9,5715
2025-04-21 14:58:37,57.6,5240
2025-04-21 14:53:32,60.3,5485
2025-04-21 14:48:23,68.1,6190
2025-04-21 14:43:17,65.2,5928
2025-04-21 14:38:12,58.8,5346
2025-04-21 14:33:06,60.2,5469
2025-04-21 14:28:02,67.6,6149
2025-04-21 14:22:58,68.4,6215
2025-04-21 14:17:52,61.5,5592
2025-04-21 14:12:47,60.8,5526
2025-04-21 14:07:42,69.7,6337
2025-04-21 14:02:34,68.5,6223
2025-04-21 13:57:29,64.3,5846
2025-04-21 13:52:23,61.5,5592
2025-04-21 13:47:17,71.8,6526
2025-04-21 13:42:10,73,6633
2025-04-21 13:37:07,66.3,6026
2025-04-21 13:32:02,66.4,6035
2025-04-21 13:26:57,74.4,6764
2025-04-21 13:21:52,77.3,7025
2025-04-21 13:16:47,72.3,6575
2025-04-21 13:11:42,75.8,6886
2025-04-21 13:06:35,98.4,8943
2025-04-21 13:04:35,108.3,9844
2025-04-21 12:50:18,108.3,9844
2025-04-21 12:08:18,108.2,9835
2025-04-21 11:14:29,108,9819
2025-04-21 11:09:25,108,9819
2025-04-21 11:04:19,107.5,9770
2025-04-21 10:57:19,108,9819
2025-04-21 10:51:19,108,9819
2025-04-21 10:06:19,107.8,9803
2025-04-21 09:05:00,107.7,9795
2025-04-21 08:41:32,107.7,9786
2025-04-21 08:40:32,107.7,9786
2025-04-21 08:32:32,107.7,9795
2025-04-21 07:49:28,107.6,9778
2025-04-21 07:31:28,107.4,9762
2025-04-21 06:03:14,107.3,9754
2025-04-21 05:58:08,107.3,9754
2025-04-21 05:57:08,106.9,9721
2025-04-21 05:30:33,106.7,9705
2025-04-21 05:12:11,106.7,9696
2025-04-21 04:57:53,106.7,9696
2025-04-21 04:52:48,106.7,9696
2025-04-21 04:28:15,107,9729
2025-04-21 04:00:15,106.9,9721
2025-04-21 03:11:15,106.7,9696
2025-04-21 02:16:15,106.5,9680
2025-04-21 01:27:29,106.1,9647
2025-04-21 01:26:29,106.2,9655
2025-04-21 01:12:29,106.1,9647
2025-04-21 00:29:29,105.8,9615
2025-04-20 23:34:29,105.3,9574
2025-04-20 22:39:15,104.7,9516
2025-04-20 22:35:15,104.7,9516
2025-04-20 22:12:49,104.4,9492
2025-04-20 22:07:49,104.3,9484
2025-04-20 21:30:00,103.7,9426
2025-04-20 21:24:54,103,9360
2025-04-20 21:22:54,103.6,9418
2025-04-20 20:58:16,103.1,9368
2025-04-20 20:53:12,102.3,9303
2025-04-20 20:49:12,102.9,9352
2025-04-20 20:37:55,102.6,9327
2025-04-20 20:35:55,102.5,9319
2025-04-20 20:30:49,102.3,9303
2025-04-20 20:27:49,102.3,9303
2025-04-20 19:51:03,101.1,9188
2025-04-20 19:50:03,101.1,9188
2025-04-20 19:41:53,100.7,9155
2025-04-20 19:36:47,100.5,9139
2025-04-20 19:35:47,100.1,9098
2025-04-20 19:29:41,99.7,9065
2025-04-20 19:24:34,99.5,9049
2025-04-20 19:19:28,99.1,9008
2025-04-20 19:18:28,99.2,9016
2025-04-20 18:49:53,96.8,8804
2025-04-20 18:48:53,96.7,8795
2025-04-20 18:39:40,95.6,8689
2025-04-20 18:38:40,95.5,8681
2025-04-20 18:33:31,94.7,8606
2025-04-20 18:28:26,93.7,8516
2025-04-20 18:23:21,92.3,8394
2025-04-20 18:18:16,90.4,8222
2025-04-20 18:13:12,85.8,7795
2025-04-20 18:08:04,76.8,6985
2025-04-20 18:03:00,73.4,6674
2025-04-20 17:57:55,66.8,6075
2025-04-20 17:52:50,64.7,5879
2025-04-20 17:47:45,69.6,6329
2025-04-20 17:42:39,61.3,5575
2025-04-20 17:37:31,54.6,4961
2025-04-20 17:32:26,55.3,5027
2025-04-20 17:27:23,66.8,6075
2025-04-20 17:22:17,46,4183
2025-04-20 17:17:13,39.7,3610
2025-04-20 17:12:07,42,3815
2025-04-20 17:07:01,54.3,4936
2025-04-20 17:01:55,40.5,3684
2025-04-20 16:56:51,63.7,5789
2025-04-20 16:51:46,55.7,5068
2025-04-20 16:46:41,50.4,4585
2025-04-20 16:41:34,59.4,5404
2025-04-20 16:36:30,62.2,5657
2025-04-20 16:31:24,64,5822
2025-04-20 16:26:19,63.5,5773
2025-04-20 16:21:15,60.1,5461
2025-04-20 16:16:09,55.7,5068
2025-04-20 16:11:05,54.9,4995
2025-04-20 16:05:58,53.7,4879
2025-04-20 16:00:54,60,5453
2025-04-20 15:55:50,62.5,5682
2025-04-20 15:50:44,60.4,5494
2025-04-20 15:45:40,53.2,4838
2025-04-20 15:40:35,52.6,4781
2025-04-20 15:35:29,58.8,5346
2025-04-20 15:30:24,61.8,5616
2025-04-20 15:25:19,58.4,5305
2025-04-20 15:20:13,52,4724
2025-04-20 15:15:09,56.5,5134
2025-04-20 15:10:03,61.5,5592
2025-04-20 15:04:58,58.3,5297
2025-04-20 14:59:52,51.1,4642
2025-04-20 14:54:46,52.8,4797
2025-04-20 14:49:41,60.5,5502
2025-04-20 14:44:35,62.3,5665
2025-04-20 14:43:35,52.6,4781
2025-04-20 14:38:28,57.4,5215
2025-04-20 14:33:24,62.1,5649
2025-04-20 14:28:18,63,5724
2025-04-20 14:23:12,54.4,4945
2025-04-20 14:18:09,53.3,4846
2025-04-20 14:13:02,60.3,5477
2025-04-20 14:07:58,61.8,5616
2025-04-20 14:02:52,55.7,5060
2025-04-20 13:57:49,52.9,4805
2025-04-20 13:52:43,61.3,5575
2025-04-20 13:47:37,61,5543
2025-04-20 13:42:31,54.8,4986
2025-04-20 13:37:26,55.3,5027
2025-04-20 13:32:20,62.7,5698
2025-04-20 13:27:16,61.9,5625
2025-04-20 13:22:10,55.2,5019
2025-04-20 13:17:04,55.4,5035
2025-04-20 13:12:01,63.1,5740
2025-04-20 13:06:55,63.3,5756
2025-04-20 13:01:50,57.6,5240
2025-04-20 12:56:46,59.2,5379
2025-04-20 12:51:40,69.6,6329
2025-04-20 12:50:40,62.9,5715
2025-04-20 12:45:46,76.7,6976
2025-04-20 12:40:24,90.8,8255
2025-04-20 12:35:19,85.8,7795
2025-04-20 12:30:43,63.4,5765
2025-04-20 12:24:55,54.8,4978
2025-04-20 12:19:49,52,4724
2025-04-20 12:14:45,54,4912
2025-04-20 12:09:37,44.9,4085
2025-04-20 12:04:29,55.8,5076
2025-04-20 11:59:22,64.8,5895
2025-04-20 11:54:16,61.7,5608
2025-04-20 11:49:12,56.3,5117
2025-04-20 11:44:06,59,5363
2025-04-20 11:39:02,65.7,5977
2025-04-20 11:33:56,68.8,6255
2025-04-20 11:28:21,87.1,7918
2025-04-20 11:24:44,66,6002
2025-04-20 11:17:52,61.5,5592
2025-04-20 11:12:45,56.6,5142
2025-04-20 11:07:41,56.6,5142
2025-04-20 11:02:32,63.7,5789
2025-04-20 10:57:27,65.6,5961
2025-04-20 10:52:22,62.1,5641
2025-04-20 10:47:16,56.9,5175
2025-04-20 10:42:12,58.3,5297
2025-04-20 10:37:06,63.8,5797
2025-04-20 10:32:02,66.8,6075
2025-04-20 10:26:57,67.2,6108
2025-04-20 10:21:51,62.8,5706
2025-04-20 10:16:47,59.2,5379
2025-04-20 10:11:42,59.6,5420
2025-04-20 10:06:33,61.7,5608
2025-04-20 10:05:33,67.8,6165
2025-04-20 10:00:27,65.6,5961
2025-04-20 09:55:24,63.2,5748
2025-04-20 09:50:18,59.9,5445
2025-04-20 09:45:12,54.8,4978
2025-04-20 09:40:09,40.2,3659
2025-04-20 09:34:58,43.7,3970
2025-04-20 09:33:58,44.1,4011
2025-04-20 09:28:52,47.3,4298
2025-04-20 09:23:46,50.6,4601
2025-04-20 09:18:43,54.6,4961
2025-04-20 09:13:38,59.4,5404
2025-04-20 09:08:30,63.6,5781
2025-04-20 09:03:25,68.2,6198
2025-04-20 09:02:25,69.4,6313
2025-04-20 08:57:20,73.7,6698
2025-04-20 08:52:15,77.9,7083
2025-04-20 08:47:09,81.5,7411
2025-04-20 08:42:04,81.3,7395
2025-04-20 08:37:00,59.3,5387
2025-04-20 08:31:55,107.1,9737
2025-04-20 08:30:55,107.7,9795
2025-04-20 08:23:55,107.7,9795
2025-04-20 08:22:55,107.9,9811
2025-04-20 08:19:55,107.7,9795
2025-04-20 08:17:55,107.9,9811
2025-04-20 08:16:55,107.7,9795
2025-04-20 08:14:55,107.9,9811
2025-04-20 08:07:20,107.7,9795
2025-04-20 08:05:20,107.7,9795
2025-04-20 08:00:13,107.7,9786
2025-04-20 07:38:13,107.2,9745
2025-04-20 06:37:35,107.1,9737
2025-04-20 05:45:35,107,9729
2025-04-20 04:54:35,106.8,9713
2025-04-20 03:56:35,106.7,9696
2025-04-20 03:36:58,106.5,9680
2025-04-20 03:13:58,106.5,9680
2025-04-20 02:17:58,106.2,9655
2025-04-20 01:31:58,105.9,9631
2025-04-20 00:36:15,105.5,9590
2025-04-20 00:35:15,105.6,9598
2025-04-20 00:22:15,105.5,9590
2025-04-19 23:24:46,104.9,9541
2025-04-19 23:15:46,104.9,9533
2025-04-19 22:58:17,104.6,9508
2025-04-19 22:51:17,104.6,9508
2025-04-19 22:22:17,104.2,9475
2025-04-19 22:12:20,104,9459
2025-04-19 22:07:15,104,9451
2025-04-19 22:06:15,104,9459
2025-04-19 21:30:30,103.4,9401
2025-04-19 21:24:30,103.3,9393
2025-04-19 21:19:16,103.1,9376
2025-04-19 21:17:16,103.1,9376
2025-04-19 20:32:16,102.1,9278
2025-04-19 20:29:16,102,9270
2025-04-19 20:24:07,101.8,9254
2025-04-19 20:22:07,101.8,9254
2025-04-19 19:28:06,99.5,9049
2025-04-19 19:27:06,99.5,9049
2025-04-19 19:20:06,99.1,9008
2025-04-19 18:59:28,97.5,8861
2025-04-19 18:58:28,97.4,8853
2025-04-19 18:55:28,97.2,8836
2025-04-19 18:45:08,95.8,8714
2025-04-19 18:44:08,95.8,8705
2025-04-19 18:39:03,95,8639
2025-04-19 18:33:58,94.1,8557
2025-04-19 18:28:53,93,8451
2025-04-19 18:23:48,91.4,8312
2025-04-19 18:18:42,88.8,8075
2025-04-19 18:13:35,80.9,7354
2025-04-19 18:08:28,74.4,6764
2025-04-19 18:03:22,68.2,6198
2025-04-19 17:58:17,64.1,5830
2025-04-19 17:53:10,64.8,5887
2025-04-19 17:48:06,60.7,5518
2025-04-19 17:42:54,50.5,4593
2025-04-19 17:37:49,47.5,4323
2025-04-19 17:32:45,44.9,4085
2025-04-19 17:27:40,42.8,3888
2025-04-19 17:22:35,41.2,3749
2025-04-19 17:17:25,41.1,3733
2025-04-19 17:12:20,45.3,4117
2025-04-19 17:07:15,58.2,5289
2025-04-19 17:02:10,58.3,5297
2025-04-19 17:01:10,63,5732
2025-04-19 16:56:04,63.1,5740
2025-04-19 16:51:00,63,5732
2025-04-19 16:45:55,64.1,5830
2025-04-19 16:40:49,63.9,5805
2025-04-19 16:35:45,62.2,5657
2025-04-19 16:30:38,55.7,5068
2025-04-19 16:25:31,53.7,4879
2025-04-19 16:20:26,56.1,5101
2025-04-19 16:15:21,61,5543
2025-04-19 16:10:16,61.8,5616
2025-04-19 16:05:11,56.2,5109
2025-04-19 16:00:06,53.9,4895
2025-04-19 15:55:01,52.5,4773
2025-04-19 15:49:55,58.7,5338
2025-04-19 15:44:51,61.4,5584
2025-04-19 15:39:44,56.4,5125
2025-04-19 15:34:41,52,4724
2025-04-19 15:29:34,53.7,4879
2025-04-19 15:24:29,61.3,5575
2025-04-19 15:19:24,59.6,5420
2025-04-19 15:14:18,51.4,4675
2025-04-19 15:09:13,53,4814
2025-04-19 15:04:09,60.7,5518
2025-04-19 14:59:03,61.2,5567
2025-04-19 14:53:59,53.4,4855
2025-04-19 14:48:55,53.5,4863
2025-04-19 14:43:48,61.3,5575
2025-04-19 14:38:44,59.5,5412
2025-04-19 14:33:38,52.7,4789
2025-04-19 14:28:35,54.2,4928
2025-04-19 14:23:30,61.8,5616
2025-04-19 14:18:24,59.1,5371
2025-04-19 14:13:19,53.3,4846
2025-04-19 14:08:13,54.8,4978
2025-04-19 14:03:08,61.9,5625
2025-04-19 13:58:05,58.1,5281
2025-04-19 13:52:59,53,4822
2025-04-19 13:47:55,57.8,5256
2025-04-19 13:42:48,62.2,5657
2025-04-19 13:37:42,54.5,4953
2025-04-19 13:32:32,54.3,4936
2025-04-19 13:27:27,61.3,5575
2025-04-19 13:22:22,59.7,5428
2025-04-19 13:17:18,53,4822
2025-04-19 13:12:12,57.7,5248
2025-04-19 13:07:08,63,5732
2025-04-19 13:02:02,59.4,5395
2025-04-19 12:56:57,54,4912
2025-04-19 12:51:51,61.5,5592
2025-04-19 12:46:45,63,5724
2025-04-19 12:41:41,55.5,5044
2025-04-19 12:36:33,54.8,4978
2025-04-19 12:31:30,62.9,5715
2025-04-19 12:26:25,63,5724
2025-04-19 12:21:19,54.9,4995
2025-04-19 12:16:14,55,5003
2025-04-19 12:11:08,63.4,5765
2025-04-19 12:06:04,61.9,5625
2025-04-19 12:00:58,55.6,5052
2025-04-19 11:55:53,56.6,5142
2025-04-19 11:50:47,63.9,5814
2025-04-19 11:45:42,61.7,5608
2025-04-19 11:40:37,55.3,5027
2025-04-19 11:35:32,56.4,5125
2025-04-19 11:30:26,64.7,5879
2025-04-19 11:25:21,63.3,5756
2025-04-19 11:20:16,56.1,5101
2025-04-19 11:15:10,56.6,5150
2025-04-19 11:10:06,64,5822
2025-04-19 11:05:02,66.1,6010
2025-04-19 11:04:02,56.4,5125
2025-04-19 10:58:54,61.2,5567
2025-04-19 10:53:48,66.2,6018
2025-04-19 10:48:44,65.1,5920
2025-04-19 10:43:38,59.8,5436
2025-04-19 10:38:28,58.8,5346
2025-04-19 10:33:25,62.5,5682
2025-04-19 10:28:20,68.9,6264
2025-04-19 10:23:15,68.8,6255
2025-04-19 10:18:10,66.8,6075
2025-04-19 10:13:05,62.1,5641
2025-04-19 10:07:59,61.2,5559
2025-04-19 10:02:54,63.4,5765
2025-04-19 09:57:50,66.1,6010
2025-04-19 09:52:45,65.9,5994
2025-04-19 09:47:40,62,5633
2025-04-19 09:42:33,59.7,5428
2025-04-19 09:37:26,46.6,4241
2025-04-19 09:32:22,47.5,4315
2025-04-19 09:27:17,50.9,4625
2025-04-19 09:22:13,54.6,4961
2025-04-19 09:21:13,55.2,5019
2025-04-19 09:10:00,63.9,5814
2025-04-19 09:09:00,64.8,5887
2025-04-19 09:00:51,72.1,6559
2025-04-19 08:55:46,76.8,6985
2025-04-19 08:54:46,77.6,7050
2025-04-19 08:49:40,82.8,7525
2025-04-19 08:48:40,83.9,7624
2025-04-19 08:43:31,89.5,8140
2025-04-19 08:42:31,90.7,8246
2025-04-19 08:35:22,99.5,9049
2025-04-19 08:30:17,105.9,9631
2025-04-19 08:25:12,108.2,9835
2025-04-19 08:23:12,108,9819
2025-04-19 08:13:12,108.1,9827
2025-04-19 08:09:12,107.9,9811
2025-04-19 08:08:12,108.1,9827
2025-04-19 07:11:48,107.8,9803
2025-04-19 07:10:48,107.7,9795
2025-04-19 07:01:38,107.8,9803
2025-04-19 06:56:29,107.7,9795
2025-04-19 06:51:24,108.3,9844
2025-04-19 06:46:19,108.1,9827
2025-04-19 06:44:19,108.1,9827
2025-04-19 06:35:19,108.2,9835
2025-04-19 05:00:09,108.1,9827
2025-04-19 04:36:09,108.1,9827
2025-04-19 03:50:48,108,9819
2025-04-19 03:17:48,107.9,9811
2025-04-19 02:49:39,107.7,9795
2025-04-19 02:26:39,107.7,9795
2025-04-19 01:35:39,107.6,9778
2025-04-19 00:38:10,107.3,9754
2025-04-19 00:20:10,107.2,9745
2025-04-18 23:54:14,107,9729
2025-04-18 23:27:14,106.9,9721
2025-04-18 22:45:45,106.7,9696
2025-04-18 22:42:45,106.6,9688
2025-04-18 22:37:37,106.5,9680
2025-04-18 22:36:37,106.6,9688
2025-04-18 22:33:37,106.6,9688
2025-04-18 22:04:00,106.3,9664
2025-04-18 21:59:00,106.2,9655
2025-04-18 21:45:34,106,9639
2025-04-18 21:39:34,106,9639
2025-04-18 20:45:20,105.2,9565
2025-04-18 20:40:15,105.1,9557
2025-04-18 20:38:15,104.8,9525
2025-04-18 20:21:54,104.5,9500
2025-04-18 20:17:54,104.4,9492
2025-04-18 20:11:41,104.2,9475
2025-04-18 20:07:41,104.2,9475
2025-04-18 19:37:45,103.5,9410
2025-04-18 19:34:45,103.4,9401
2025-04-18 19:29:33,103.2,9385
2025-04-18 19:27:33,103.2,9385
2025-04-18 19:12:15,102.7,9335
2025-04-18 19:07:10,102.4,9311
2025-04-18 19:06:10,102.4,9311
2025-04-18 19:05:10,102.5,9319
2025-04-18 18:37:40,101.2,9196
2025-04-18 18:32:33,100.9,9172
2025-04-18 18:27:27,101,9180
2025-04-18 18:22:24,99.8,9074
2025-04-18 18:21:24,100.2,9106
2025-04-18 18:06:04,98.8,8984
2025-04-18 18:05:04,98.7,8975
2025-04-18 17:56:47,97.6,8877
2025-04-18 17:51:44,96.8,8804
2025-04-18 17:46:39,95.8,8705
2025-04-18 17:45:39,95.5,8681
2025-04-18 17:40:29,93.3,8484
2025-04-18 17:35:26,91,8271
2025-04-18 17:30:21,81.2,7378
2025-04-18 17:25:15,83,7550
2025-04-18 17:20:10,68.3,6206
2025-04-18 17:15:05,69.4,6313
2025-04-18 17:10:00,69.4,6305
2025-04-18 17:04:55,70.1,6370
2025-04-18 16:59:51,79.9,7264
2025-04-18 16:54:46,80.5,7321
2025-04-18 16:49:41,68.3,6206
2025-04-18 16:44:33,58.5,5322
2025-04-18 16:39:27,63.9,5805
2025-04-18 16:38:27,58.4,5314
2025-04-18 16:33:21,63.5,5773
2025-04-18 16:28:17,68.4,6215
2025-04-18 16:23:09,58.1,5281
2025-04-18 16:18:06,54.6,4961
2025-04-18 16:13:01,56.4,5125
2025-04-18 16:07:55,63.2,5748
2025-04-18 16:02:50,63.5,5773
2025-04-18 15:57:46,58.4,5305
2025-04-18 15:52:41,54.2,4928
2025-04-18 15:47:35,57,5183
2025-04-18 15:42:30,63,5732
2025-04-18 15:37:26,62.1,5649
2025-04-18 15:32:20,54.8,4986
2025-04-18 15:27:16,56.9,5175
2025-04-18 15:22:10,63.6,5781
2025-04-18 15:17:05,61.4,5584
2025-04-18 15:12:00,55.1,5011
2025-04-18 15:06:55,55.8,5076
2025-04-18 15:01:50,63.8,5797
2025-04-18 14:56:46,60.9,5535
2025-04-18 14:51:39,54.5,4953
2025-04-18 14:46:34,57.6,5240
2025-04-18 14:41:26,63.9,5814
2025-04-18 14:36:21,58.1,5281
2025-04-18 14:31:16,54.9,4995
2025-04-18 14:26:12,61.8,5616
2025-04-18 14:21:06,64.2,5838
2025-04-18 14:16:01,56.6,5142
2025-04-18 14:10:57,58.2,5289
2025-04-18 14:05:51,64.3,5846
2025-04-18 14:00:46,61.8,5616
2025-04-18 13:55:42,55.3,5027
2025-04-18 13:50:35,59.4,5404
2025-04-18 13:45:28,64.7,5879
2025-04-18 13:40:22,57.2,5199
2025-04-18 13:35:18,56,5093
2025-04-18 13:30:12,64.4,5855
2025-04-18 13:25:08,62.8,5706
2025-04-18 13:19:58,55.2,5019
2025-04-18 13:14:53,62.6,5690
2025-04-18 13:09:47,64.9,5904
2025-04-18 13:04:41,56.5,5134
2025-04-18 12:59:34,56.8,5166
2025-04-18 12:54:30,65.7,5969
2025-04-18 12:49:25,61.4,5584
2025-04-18 12:44:20,56.6,5150
2025-04-18 12:39:15,62.8,5706
2025-04-18 12:34:10,64.1,5830
2025-04-18 12:29:04,60.8,5526
2025-04-18 12:23:59,67.3,6116
2025-04-18 12:18:55,62.3,5665
2025-04-18 12:13:50,65.1,5920
2025-04-18 12:08:45,65.7,5969
2025-04-18 12:03:40,62.2,5657
2025-04-18 11:58:36,78.1,7099
2025-04-18 11:53:29,63.7,5789
2025-04-18 11:48:24,66.3,6026
2025-04-18 11:43:19,59.3,5387
2025-04-18 11:38:14,58,5273
2025-04-18 11:33:09,66,6002
2025-04-18 11:28:05,67.7,6157
2025-04-18 11:27:05,58.4,5305
2025-04-18 11:21:59,63.2,5748
2025-04-18 11:16:53,68.1,6190
2025-04-18 11:11:49,65.6,5961
2025-04-18 11:06:43,59.3,5387
2025-04-18 11:01:40,61.2,5559
2025-04-18 10:56:32,66.7,6067
2025-04-18 10:51:27,58.3,5297
2025-04-18 10:46:22,68.9,6264
2025-04-18 10:41:17,59.9,5445
2025-04-18 10:36:10,62.6,5690
2025-04-18 10:31:05,64.7,5879
2025-04-18 10:26:00,55.7,5068
2025-04-18 10:20:55,63.9,5805
2025-04-18 10:15:50,70.7,6427
2025-04-18 10:10:45,79.4,7223
2025-04-18 10:05:40,83.8,7615
2025-04-18 10:00:33,86.7,7877
2025-04-18 09:55:26,87.1,7918
2025-04-18 09:50:22,89.5,8140
2025-04-18 09:45:18,95.4,8673
2025-04-18 09:40:11,99.3,9025
2025-04-18 09:35:07,104.7,9516
2025-04-18 09:30:02,109.5,9958
2025-04-18 09:15:46,109.4,9942
2025-04-18 09:10:41,109.3,9934
2025-04-18 09:09:41,109.5,9950
2025-04-18 08:48:14,109.4,9942
2025-04-18 08:42:14,109.4,9942
2025-04-18 08:36:02,109.1,9917
2025-04-18 07:56:10,108.9,9901
2025-04-18 07:50:10,108.8,9893
2025-04-18 07:44:56,108.9,9901
2025-04-18 07:39:51,108.8,9893
2025-04-18 07:38:51,109.3,9934
2025-04-18 07:29:51,109.3,9934
2025-04-18 07:22:51,109,9909
2025-04-18 06:41:33,109.2,9925
2025-04-18 06:36:29,109.2,9925
2025-04-18 06:31:20,108.8,9893
2025-04-18 06:03:20,108.7,9885
2025-04-18 05:57:40,108.6,9876
2025-04-18 05:47:40,108.7,9885
2025-04-18 05:25:40,108.7,9885
2025-04-18 04:41:40,108.6,9868
2025-04-18 02:56:51,108.5,9860
2025-04-18 02:30:51,108.4,9852
2025-04-18 01:34:51,108.3,9844
2025-04-18 01:11:33,108.1,9827
2025-04-18 00:30:33,108.1,9827
2025-04-17 23:44:51,108,9819
2025-04-17 22:53:51,107.8,9803
2025-04-17 22:33:24,107.7,9786
2025-04-17 22:10:24,107.7,9786
2025-04-17 21:17:41,107.4,9762
2025-04-17 20:47:41,107.2,9745
2025-04-17 20:36:55,107,9729
2025-04-17 20:22:55,107,9729
2025-04-17 19:35:39,106.6,9688
2025-04-17 19:26:39,106.5,9680
2025-04-17 19:14:16,106.2,9655
2025-04-17 19:11:16,106.3,9664
2025-04-17 19:05:16,106.2,9655
2025-04-17 18:48:39,105.8,9623
2025-04-17 18:43:35,105.7,9606
2025-04-17 18:42:35,105.8,9615
2025-04-17 18:29:35,105.5,9590
2025-04-17 18:18:04,105,9549
2025-04-17 18:13:00,104.9,9533
2025-04-17 18:12:00,104.9,9541
2025-04-17 17:58:45,104.2,9475
2025-04-17 17:53:40,103.9,9443
2025-04-17 17:52:40,104,9451
2025-04-17 17:42:24,103.1,9368
2025-04-17 17:37:18,102.5,9319
2025-04-17 17:32:15,101.6,9237
2025-04-17 17:27:09,100.3,9115
2025-04-17 17:22:04,97.3,8845
2025-04-17 17:16:59,82.2,7476
2025-04-17 17:11:53,78.5,7140
2025-04-17 17:06:48,84.4,7673
2025-04-17 17:01:43,85.7,7787
2025-04-17 16:56:38,78.9,7173
2025-04-17 16:51:29,98.9,8992
2025-04-17 16:46:27,103.5,9410
2025-04-17 16:44:27,104,9451
2025-04-17 16:38:17,103.6,9418
2025-04-17 16:37:17,103.5,9410
2025-04-17 16:28:06,102.8,9344
2025-04-17 16:23:01,102.2,9295
2025-04-17 16:17:56,101.4,9221
2025-04-17 16:12:51,100.4,9123
2025-04-17 16:07:46,97.8,8894
2025-04-17 16:02:42,89.9,8173
2025-04-17 15:57:35,68.3,6206
2025-04-17 15:52:30,86.7,7885
2025-04-17 15:47:24,96,8730
2025-04-17 15:42:20,92.4,8402
2025-04-17 15:37:14,102.4,9311
2025-04-17 15:32:09,102.1,9278
2025-04-17 15:27:05,101,9180
2025-04-17 15:26:05,100.4,9123
2025-04-17 15:20:56,98.7,8975
2025-04-17 15:15:51,97.3,8845
2025-04-17 15:14:51,98.5,8951
2025-04-17 15:09:45,99.7,9065
2025-04-17 15:04:40,101,9180
2025-04-17 14:59:32,100.5,9139
2025-04-17 14:54:21,99.8,9074
2025-04-17 14:49:15,98.8,8984
2025-04-17 14:44:11,96.3,8755
2025-04-17 14:39:06,96.7,8795
2025-04-17 14:34:01,92.8,8435
2025-04-17 14:28:56,89.3,8115
2025-04-17 14:23:52,79.4,7215
2025-04-17 14:18:45,78,7091
2025-04-17 14:13:41,82.2,7476
2025-04-17 14:08:33,84.1,7648
2025-04-17 14:03:28,88.9,8083
2025-04-17 13:58:23,88.3,8025
2025-04-17 13:53:18,88.3,8025
2025-04-17 13:48:15,90.4,8222
2025-04-17 13:43:09,90.7,8246
2025-04-17 13:38:03,84.9,7714
2025-04-17 13:32:59,66.5,6043
2025-04-17 13:27:53,61.3,5575
2025-04-17 13:22:48,59.5,5412
2025-04-17 13:17:44,51.6,4691
2025-04-17 13:12:38,46.5,4224
2025-04-17 13:07:35,47.4,4306
2025-04-17 13:02:27,51.2,4650
2025-04-17 12:57:21,45.4,4125
2025-04-17 12:52:17,47.7,4339
2025-04-17 12:47:10,52.9,4805
2025-04-17 12:42:06,67.1,6100
2025-04-17 12:36:59,60.3,5477
2025-04-17 12:31:56,48.1,4372
2025-04-17 12:26:50,44.2,4019
2025-04-17 12:21:46,48.6,4421
2025-04-17 12:16:41,48.4,4396
2025-04-17 12:11:34,61.4,5584
2025-04-17 12:06:29,57.6,5240
2025-04-17 12:01:23,63.5,5773
2025-04-17 11:56:19,61.2,5559
2025-04-17 11:55:19,69.4,6313
2025-04-17 11:50:13,67.6,6141
2025-04-17 11:45:07,65.7,5969
2025-04-17 11:40:03,62.1,5649
2025-04-17 11:34:57,57.5,5224
2025-04-17 11:29:51,60.1,5461
2025-04-17 11:24:43,52.1,4740
2025-04-17 11:19:39,61.3,5575
2025-04-17 11:14:31,49.7,4519
2025-04-17 11:09:26,58.4,5305
2025-04-17 11:04:21,57.3,5207
2025-04-17 10:59:15,44.3,4027
2025-04-17 10:54:11,50.5,4593
2025-04-17 10:49:06,71.8,6526
2025-04-17 10:44:00,67.9,6174
2025-04-17 10:38:56,48.3,4388
2025-04-17 10:33:52,57.7,5248
2025-04-17 10:28:45,71,6452
2025-04-17 10:23:41,72.8,6616
2025-04-17 10:18:32,69,6272
2025-04-17 10:13:27,50.9,4625
2025-04-17 10:08:23,57.1,5191
2025-04-17 10:03:19,63.6,5781
2025-04-17 09:58:12,62.3,5665
2025-04-17 09:53:06,67.4,6125
2025-04-17 09:48:02,69.5,6321
2025-04-17 09:42:55,81.6,7419
2025-04-17 09:37:50,87.8,7985
2025-04-17 09:32:47,95.8,8705
2025-04-17 09:27:40,105.3,9574
2025-04-17 09:22:35,108.7,9885
2025-04-17 09:21:35,109.3,9934
2025-04-17 09:17:35,109.5,9958
2025-04-17 08:53:02,109.4,9942
2025-04-17 08:40:45,109.4,9942
2025-04-17 08:35:40,109.3,9934
2025-04-17 08:30:25,109.3,9934
2025-04-17 08:27:25,109.7,9975
2025-04-17 08:20:25,109.7,9975
2025-04-17 08:17:25,109.5,9958
2025-04-17 08:11:25,109.7,9975
2025-04-17 07:52:25,109.5,9958
2025-04-17 06:16:49,109.5,9958
2025-04-17 06:11:46,109.5,9958
2025-04-17 06:03:36,109.1,9917
2025-04-17 05:13:36,109.1,9917
2025-04-17 04:17:36,109,9909
2025-04-17 03:42:36,108.9,9901
2025-04-17 03:02:44,108.8,9893
2025-04-17 02:19:44,108.7,9885
2025-04-17 01:34:44,108.6,9868
2025-04-17 00:56:44,108.5,9860
2025-04-17 00:02:12,108.4,9852
2025-04-16 23:25:12,108.3,9844
2025-04-16 22:26:10,108,9819
2025-04-16 22:14:54,107.9,9811
2025-04-16 22:07:50,107.9,9811
2025-04-16 22:02:43,107.8,9803
2025-04-16 22:01:43,108.2,9835
2025-04-16 21:52:28,108.3,9844
2025-04-16 21:35:28,108.2,9835
2025-04-16 21:18:48,108,9819
2025-04-16 21:13:42,108,9819
2025-04-16 21:08:42,107.6,9778
2025-04-16 20:43:42,107.4,9762
2025-04-16 20:00:11,106.8,9713
2025-04-16 19:47:11,106.7,9705
2025-04-16 19:24:23,106.4,9672
2025-04-16 19:20:23,106.3,9664
2025-04-16 19:11:11,106.1,9647
2025-04-16 19:07:11,106.1,9647
2025-04-16 18:17:10,104.8,9525
2025-04-16 18:14:10,104.7,9516
2025-04-16 18:09:01,104.4,9492
2025-04-16 18:07:01,104.4,9492
2025-04-16 17:57:01,104,9459
2025-04-16 17:40:22,103.1,9368
2025-04-16 17:35:17,102.7,9335
2025-04-16 17:34:17,102.8,9344
2025-04-16 17:28:09,102.3,9303
2025-04-16 17:27:09,102.2,9286
2025-04-16 17:22:02,101.7,9245
2025-04-16 17:21:02,101.7,9245
2025-04-16 17:11:51,100.6,9147
2025-04-16 17:06:46,99.9,9082
2025-04-16 17:01:42,98.9,8992
2025-04-16 16:56:35,97.4,8853
2025-04-16 16:51:30,92.7,8426
2025-04-16 16:46:24,90.4,8222
2025-04-16 16:41:19,84.9,7714
2025-04-16 16:36:15,79.8,7255
2025-04-16 16:31:10,78.9,7173
2025-04-16 16:26:04,77.1,7009
2025-04-16 16:21:00,62.5,5682
2025-04-16 16:15:55,81.4,7403
2025-04-16 16:10:50,80.8,7345
2025-04-16 16:05:45,77.5,7042
2025-04-16 16:00:41,81.3,7395
2025-04-16 15:55:11,89.4,8132
2025-04-16 15:49:23,72.7,6608
2025-04-16 15:44:20,63.9,5805
2025-04-16 15:39:14,70.3,6386
2025-04-16 15:34:08,63.9,5814
2025-04-16 15:29:02,65.1,5920
2025-04-16 15:23:59,63.8,5797
2025-04-16 15:18:53,48.5,4413
2025-04-16 15:13:48,49.1,4462
2025-04-16 15:08:42,49.3,4486
2025-04-16 15:03:36,59.8,5436
2025-04-16 14:58:35,53.9,4904
2025-04-16 14:53:27,61.2,5559
2025-04-16 14:48:20,50.2,4560
2025-04-16 14:47:20,49.4,4495
2025-04-16 14:42:15,51.4,4675
2025-04-16 14:37:10,53.6,4871
2025-04-16 14:32:05,61.8,5616
2025-04-16 14:27:00,54.8,4986
2025-04-16 14:21:55,48.3,4388
2025-04-16 14:16:51,54.6,4961
2025-04-16 14:11:44,49.3,4478
2025-04-16 14:06:39,46.8,4257
2025-04-16 14:01:36,53.8,4887
2025-04-16 13:56:28,55,5003
2025-04-16 13:51:24,50.7,4609
2025-04-16 13:46:18,49.4,4495
2025-04-16 13:41:13,50.2,4568
2025-04-16 13:36:08,54.9,4995
2025-04-16 13:31:03,63,5724
2025-04-16 13:25:58,73.2,6657
2025-04-16 13:20:54,71.5,6502
2025-04-16 13:15:49,61.1,5551
2025-04-16 13:10:43,58.4,5305
2025-04-16 13:09:43,59,5363
2025-04-16 13:03:35,64.3,5846
2025-04-16 12:58:27,68.7,6247
2025-04-16 12:57:27,70.1,6370
2025-04-16 12:52:22,70.3,6395
2025-04-16 12:51:22,70.4,6403
2025-04-16 12:46:16,76.7,6976
2025-04-16 12:41:11,83.2,7566
2025-04-16 12:36:05,89.2,8107
2025-04-16 12:31:01,88.5,8042
2025-04-16 12:25:55,90.3,8205
2025-04-16 12:20:49,90.3,8214
2025-04-16 12:15:43,88.9,8083
2025-04-16 12:10:38,88.8,8075
2025-04-16 12:05:29,96.6,8779
2025-04-16 12:00:24,108.3,9844
2025-04-16 11:59:24,109.5,9950
2025-04-16 11:53:24,110.1,10007
2025-04-16 11:34:24,109.8,9983
2025-04-16 11:28:46,109.5,9958
2025-04-16 11:23:42,108.1,9827
2025-04-16 11:18:35,109.2,9925
2025-04-16 11:17:35,110,9999
2025-04-16 11:07:35,110.2,10015
2025-04-16 10:50:35,110,9999
2025-04-16 10:42:35,110.2,10015
2025-04-16 10:37:35,110,9999
2025-04-16 08:55:38,110,9999
2025-04-16 08:50:32,110,9999
2025-04-16 08:47:32,110.4,10040
2025-04-16 08:16:43,110.4,10040
2025-04-16 08:11:32,110.3,10024
2025-04-16 08:06:32,110.5,10048
2025-04-16 08:05:32,110.4,10032
2025-04-16 07:48:32,110.4,10032
2025-04-16 07:47:32,110.5,10048
2025-04-16 07:36:32,110.3,10024
2025-04-16 07:35:32,110.4,10040
2025-04-16 07:34:32,110.3,10024
2025-04-16 06:24:20,110.4,10040
2025-04-16 06:08:59,110.4,10032
2025-04-16 05:54:46,110.4,10040
2025-04-16 05:49:39,110.4,10032
2025-04-16 05:48:39,110.1,10007
2025-04-16 04:59:34,109.9,9991
2025-04-16 03:18:33,109.9,9991
2025-04-16 02:47:59,109.8,9983
2025-04-16 02:42:56,109.8,9983
2025-04-16 02:41:56,109.7,9975
2025-04-16 01:54:57,109.9,9991
2025-04-16 01:14:57,110.3,10024
2025-04-16 00:30:22,110.3,10024
2025-04-16 00:01:49,110.2,10015
2025-04-15 23:59:49,110.2,10015
2025-04-15 21:01:15,110.3,10024
2025-04-15 21:00:15,110.4,10032
2025-04-15 19:48:15,110.3,10024
2025-04-15 18:00:39,110.2,10015
2025-04-15 17:54:31,110.2,10015
2025-04-15 17:49:21,109.9,9991
2025-04-15 17:45:47,109.7,9975
2025-04-15 17:21:47,110.2,10015
2025-04-15 16:55:47,110.1,10007
2025-04-15 15:16:29,110,9999
2025-04-15 14:42:29,110,9999
2025-04-15 12:15:42,109.9,9991
2025-04-15 09:14:51,109.9,9991
2025-04-15 08:44:51,109.9,9991
2025-04-15 08:39:07,110,9999
2025-04-15 08:17:43,109.9,9991
2025-04-15 08:16:43,109.9,9991
2025-04-15 07:45:52,110,9999
2025-04-15 07:28:52,109.9,9991
2025-04-15 07:23:26,109.8,9983
2025-04-15 07:18:16,109.6,9966
2025-04-15 07:16:16,109.9,9991
2025-04-15 07:13:16,109.7,9975
2025-04-15 07:10:16,109.9,9991
2025-04-15 07:08:16,109.7,9975
2025-04-15 07:04:16,109.9,9991
2025-04-15 04:59:23,109.9,9991
2025-04-15 04:20:23,109.9,9991
2025-04-15 03:34:23,109.8,9983
2025-04-15 01:58:29,109.7,9975
2025-04-15 01:56:29,109.8,9983
2025-04-14 23:35:39,109.7,9975
2025-04-14 22:50:46,109.6,9966
2025-04-14 22:48:46,109.6,9966
2025-04-14 19:49:45,109.7,9975
2025-04-14 19:12:45,109.7,9975
2025-04-14 16:49:04,109.6,9966
2025-04-14 16:25:04,109.6,9966
2025-04-14 15:43:04,109.5,9950
2025-04-14 13:48:09,109.4,9942
2025-04-14 13:19:09,109.4,9942
2025-04-14 12:26:09,109.3,9934
2025-04-14 10:47:20,109.2,9925
2025-04-14 09:57:20,109.2,9925
2025-04-14 09:52:12,109,9909
2025-04-14 09:05:10,108.7,9885
2025-04-14 08:35:10,108.6,9876
2025-04-14 07:52:29,108.6,9868
2025-04-14 07:50:29,108.6,9876
2025-04-14 07:30:02,108.6,9876
2025-04-14 07:18:02,108.6,9868
2025-04-14 07:10:28,108.5,9860
2025-04-14 07:07:28,108.6,9868
2025-04-14 06:51:28,108.5,9860
2025-04-14 04:54:28,108.4,9852
2025-04-14 04:09:56,108.2,9835
2025-04-14 03:51:35,108.1,9827
2025-04-14 03:50:35,108.2,9835
2025-04-14 03:45:35,108.2,9835
2025-04-14 02:54:35,108,9819
2025-04-14 02:10:23,107.9,9811
2025-04-14 01:45:23,107.8,9803
2025-04-14 01:16:15,107.7,9786
2025-04-14 00:52:15,107.7,9786
2025-04-14 00:15:03,107.6,9778
2025-04-13 23:48:03,107.5,9770
2025-04-13 23:26:07,107.3,9754
2025-04-13 22:56:07,107.3,9754
2025-04-13 22:23:07,107.1,9737
2025-04-13 21:30:07,106.8,9713
2025-04-13 20:30:26,106.4,9672
2025-04-13 20:10:26,106.3,9664
2025-04-13 19:48:41,106.1,9647
2025-04-13 19:40:41,106,9639
2025-04-13 19:31:14,105.8,9623
2025-04-13 19:24:14,105.8,9623
2025-04-13 18:41:14,105.2,9565
2025-04-13 18:33:14,105.1,9557
2025-04-13 18:25:59,104.9,9541
2025-04-13 18:22:59,104.9,9541
2025-04-13 17:56:28,104.4,9492
2025-04-13 17:47:17,104.1,9467
2025-04-13 17:45:17,104.1,9467
2025-04-13 17:20:50,103.4,9401
2025-04-13 17:18:50,103.3,9393
2025-04-13 17:13:42,103.1,9376
2025-04-13 17:11:42,103.1,9376
2025-04-13 16:52:18,102.3,9303
2025-04-13 16:47:14,102.1,9278
2025-04-13 16:46:14,102.1,9278
2025-04-13 16:29:53,101.3,9205
2025-04-13 16:24:47,100.9,9172
2025-04-13 16:23:47,100.9,9172
2025-04-13 16:02:16,99.2,9016
2025-04-13 16:01:16,99.1,9008
2025-04-13 15:45:58,97.3,8845
2025-04-13 15:44:58,97.2,8836
2025-04-13 15:37:46,95.9,8722
2025-04-13 15:32:42,94.9,8623
2025-04-13 15:27:32,93.3,8484
2025-04-13 15:22:27,91,8271
2025-04-13 15:17:24,86.9,7902
2025-04-13 15:12:45,71.4,6494
2025-04-13 15:06:38,62.5,5682
2025-04-13 15:01:35,61.5,5592
2025-04-13 14:56:27,57.2,5199
2025-04-13 14:51:21,54,4912
2025-04-13 14:46:17,60.7,5518
2025-04-13 14:41:13,62.9,5715
2025-04-13 14:36:07,56.1,5101
2025-04-13 14:31:01,54.3,4936
2025-04-13 14:25:57,61.8,5616
2025-04-13 14:20:51,61.8,5616
2025-04-13 14:15:48,54.1,4920
2025-04-13 14:10:41,58.2,5289
2025-04-13 14:05:35,63.6,5781
2025-04-13 14:00:29,58.7,5338
2025-04-13 13:55:24,54.4,4945
2025-04-13 13:50:19,60.7,5518
2025-04-13 13:45:15,63.8,5797
2025-04-13 13:40:10,57.1,5191
2025-04-13 13:35:04,55.7,5060
2025-04-13 13:30:00,62.1,5641
2025-04-13 13:24:53,62.3,5665
2025-04-13 13:19:50,56.3,5117
2025-04-13 13:14:42,57.9,5265
2025-04-13 13:09:35,63.4,5765
2025-04-13 13:04:30,61.2,5567
2025-04-13 12:59:25,54.8,4986
2025-04-13 12:54:21,61.2,5567
2025-04-13 12:49:16,64.5,5863
2025-04-13 12:44:10,57.1,5191
2025-04-13 12:39:05,55.4,5035
2025-04-13 12:34:00,63.6,5781
2025-04-13 12:28:55,63.9,5814
2025-04-13 12:23:50,56.6,5142
2025-04-13 12:18:46,58.4,5305
2025-04-13 12:13:40,64.9,5904
2025-04-13 12:08:34,64.2,5838
2025-04-13 12:03:27,57,5183
2025-04-13 11:58:21,59.3,5387
2025-04-13 11:53:16,64.9,5904
2025-04-13 11:48:12,64.2,5838
2025-04-13 11:43:07,56.5,5134
2025-04-13 11:38:00,59.9,5445
2025-04-13 11:32:55,66,6002
2025-04-13 11:27:50,63.9,5814
2025-04-13 11:22:45,58.2,5289
2025-04-13 11:17:41,58.7,5338
2025-04-13 11:12:35,65.7,5977
2025-04-13 11:07:30,66.6,6059
2025-04-13 11:02:23,59.9,5445
2025-04-13 10:57:18,58.2,5289
2025-04-13 10:52:15,63,5732
2025-04-13 10:47:09,68.7,6247
2025-04-13 10:42:04,67.1,6100
2025-04-13 10:37:00,61.7,5608
2025-04-13 10:31:54,60.7,5518
2025-04-13 10:26:49,63.7,5789
2025-04-13 10:21:45,69.5,6321
2025-04-13 10:16:40,71.2,6469
2025-04-13 10:11:33,70.2,6378
2025-04-13 10:10:33,62.6,5690
2025-04-13 10:05:25,65.8,5985
2025-04-13 10:00:18,69.3,6296
2025-04-13 09:55:14,69.8,6345
2025-04-13 09:50:09,63.8,5797
2025-04-13 09:45:04,53.3,4846
2025-04-13 09:40:00,46.6,4232
2025-04-13 09:34:53,49.3,4486
2025-04-13 09:33:53,50,4544
2025-04-13 09:28:50,53.4,4855
2025-04-13 09:27:50,54.1,4920
2025-04-13 09:22:42,57.9,5265
2025-04-13 09:17:36,61.9,5625
2025-04-13 09:16:36,62.6,5690
2025-04-13 09:11:27,67,6092
2025-04-13 09:10:27,67.9,6174
2025-04-13 09:05:22,72.3,6575
2025-04-13 09:00:14,76.9,6993
2025-04-13 08:55:09,81.9,7444
2025-04-13 08:50:04,87.1,7918
2025-04-13 08:44:59,92.7,8426
2025-04-13 08:39:55,99.5,9049
2025-04-13 08:34:50,107.1,9737
2025-04-13 08:29:45,109.2,9925
2025-04-13 08:24:41,109,9909
2025-04-13 08:23:41,108.6,9876
2025-04-13 08:12:41,108.7,9885
2025-04-13 07:46:59,108.6,9868
2025-04-13 07:41:53,108.5,9860
2025-04-13 07:35:53,108.6,9876
2025-04-13 07:09:53,108.5,9860
2025-04-13 05:53:42,108.4,9852
2025-04-13 05:38:25,108.4,9852
2025-04-13 05:33:21,108.3,9844
2025-04-13 05:28:17,108.6,9876
2025-04-13 05:02:17,108.3,9844
2025-04-13 04:21:46,108.1,9827
2025-04-13 03:43:46,108,9819
2025-04-13 02:45:46,107.7,9795
2025-04-13 01:50:46,107.5,9770
2025-04-13 01:21:03,107.2,9745
2025-04-13 01:20:03,107.3,9754
2025-04-13 00:34:03,107,9729
2025-04-12 23:40:04,106.6,9688
2025-04-12 23:33:04,106.6,9688
2025-04-12 22:52:04,106.2,9655
2025-04-12 22:36:41,106,9639
2025-04-12 22:27:41,105.9,9631
2025-04-12 22:14:11,105.7,9606
2025-04-12 22:13:11,105.8,9615
2025-04-12 22:05:11,105.7,9606
2025-04-12 21:35:12,105.2,9565
2025-04-12 21:29:12,105.1,9557
2025-04-12 21:23:54,104.9,9541
2025-04-12 21:16:54,104.9,9541
2025-04-12 20:50:18,104.4,9492
2025-04-12 20:46:18,104.3,9484
2025-04-12 20:41:03,104.1,9467
2025-04-12 20:38:03,104.1,9467
2025-04-12 20:12:27,103.4,9401
2025-04-12 20:10:27,103.3,9393
2025-04-12 20:05:19,103.1,9376
2025-04-12 20:04:19,103.1,9376
2025-04-12 19:50:04,102.6,9327
2025-04-12 19:45:00,102.3,9303
2025-04-12 19:43:00,102.3,9303
2025-04-12 19:25:40,101.4,9221
2025-04-12 19:20:34,101.1,9188
2025-04-12 19:19:34,101.2,9196
2025-04-12 19:09:18,100.4,9131
2025-04-12 19:04:11,100.1,9098
2025-04-12 19:03:11,99.9,9082
2025-04-12 18:57:05,99.5,9041
2025-04-12 18:55:05,99.4,9033
2025-04-12 18:40:45,97.6,8869
2025-04-12 18:39:45,97.5,8861
2025-04-12 18:33:38,96.5,8771
2025-04-12 18:28:34,95.5,8681
2025-04-12 18:23:25,94.1,8557
2025-04-12 18:18:21,92.3,8394
2025-04-12 18:13:16,89,8091
2025-04-12 18:08:11,79.1,7189
2025-04-12 18:03:06,72.6,6600
2025-04-12 17:58:01,66.6,6051
2025-04-12 17:52:53,62.1,5641
2025-04-12 17:51:53,61.2,5567
2025-04-12 17:45:47,56.6,5150
2025-04-12 17:40:42,53,4814
2025-04-12 17:35:35,49.7,4519
2025-04-12 17:30:30,47.3,4298
2025-04-12 17:25:25,45.1,4101
2025-04-12 17:20:18,44.1,4011
2025-04-12 17:15:14,44.1,4011
2025-04-12 17:10:09,50.4,4585
2025-04-12 17:05:04,64.3,5846
2025-04-12 16:59:59,64.8,5887
2025-04-12 16:54:54,65.5,5953
2025-04-12 16:49:49,65.4,5945
2025-04-12 16:44:42,67.4,6125
2025-04-12 16:39:36,66.9,6084
2025-04-12 16:34:31,63.3,5756
2025-04-12 16:29:25,59.1,5371
2025-04-12 16:24:22,56.5,5134
2025-04-12 16:19:15,57.6,5240
2025-04-12 16:14:10,63.9,5814
2025-04-12 16:09:06,64.5,5863
2025-04-12 16:08:06,55,5003
2025-04-12 16:02:59,59,5363
2025-04-12 15:57:54,63,5732
2025-04-12 15:52:47,62.4,5674
2025-04-12 15:47:42,55.4,5035
2025-04-12 15:42:35,55.3,5027
2025-04-12 15:37:30,61.4,5584
2025-04-12 15:32:24,63.7,5789
2025-04-12 15:27:20,57.1,5191
2025-04-12 15:22:13,55,5003
2025-04-12 15:17:10,61.6,5600
2025-04-12 15:12:06,63.9,5805
2025-04-12 15:06:59,57.8,5256
2025-04-12 15:01:56,54.9,4995
2025-04-12 14:56:49,61.6,5600
2025-04-12 14:51:44,65.1,5920
2025-04-12 14:50:44,56,5093
2025-04-12 14:45:38,59.2,5379
2025-04-12 14:40:31,62.5,5682
2025-04-12 14:35:26,55.7,5060
2025-04-12 14:30:23,55.9,5085
2025-04-12 14:25:16,64.2,5838
2025-04-12 14:20:11,63,5724
2025-04-12 14:15:07,56.9,5175
2025-04-12 14:10:01,57.8,5256
2025-04-12 14:04:57,64.5,5863
2025-04-12 13:59:52,66.4,6035
2025-04-12 13:54:48,57.8,5256
2025-04-12 13:49:42,62.4,5674
2025-04-12 13:44:35,55.3,5027
2025-04-12 13:39:31,58.4,5314
2025-04-12 13:34:24,56.6,5150
2025-04-12 13:29:19,61.2,5559
2025-04-12 13:24:14,59.5,5412
2025-04-12 13:19:09,65,5912
2025-04-12 13:14:03,62.1,5649
2025-04-12 13:08:59,55.4,5035
2025-04-12 13:03:53,59.3,5387
2025-04-12 12:58:49,65.5,5953
2025-04-12 12:53:43,60.3,5485
2025-04-12 12:48:39,56,5093
2025-04-12 12:43:36,60,5453
2025-04-12 12:38:29,66,6002
2025-04-12 12:33:24,62.1,5641
2025-04-12 12:28:18,57.3,5207
2025-04-12 12:23:13,59.9,5445
2025-04-12 12:18:07,66.2,6018
2025-04-12 12:13:03,61.9,5625
2025-04-12 12:07:56,56.2,5109
2025-04-12 12:02:52,60,5453
2025-04-12 11:57:48,66.6,6059
2025-04-12 11:52:42,65.1,5920
2025-04-12 11:47:33,57.5,5232
2025-04-12 11:42:28,59.4,5404
2025-04-12 11:37:23,66.8,6075
2025-04-12 11:32:19,65.7,5977
2025-04-12 11:27:14,61.3,5575
2025-04-12 11:22:07,58.8,5346
2025-04-12 11:17:00,64.8,5895
2025-04-12 11:11:56,68.3,6206
2025-04-12 11:06:51,62.4,5674
2025-04-12 11:01:46,63.2,5748
2025-04-12 10:56:42,61.2,5559
2025-04-12 10:51:32,60.8,5526
2025-04-12 10:46:28,67.2,6108
2025-04-12 10:41:25,70,6362
2025-04-12 10:36:10,66.7,6067
2025-04-12 10:31:06,62.8,5706
2025-04-12 10:26:00,61.4,5584
2025-04-12 10:25:00,70.6,6419
2025-04-12 10:19:55,72.1,6559
2025-04-12 10:14:50,73.6,6690
2025-04-12 10:09:45,70.3,6386
2025-04-12 10:04:40,68.1,6190
2025-04-12 09:59:34,65.7,5969
2025-04-12 09:58:34,72.6,6600
2025-04-12 09:53:27,72.9,6625
2025-04-12 09:48:22,73.1,6649
2025-04-12 09:43:18,69.6,6329
2025-04-12 09:38:13,47.2,4290
2025-04-12 09:37:13,47.8,4347
2025-04-12 09:30:05,52.7,4789
2025-04-12 09:29:05,53.4,4855
2025-04-12 09:22:58,58,5273
2025-04-12 09:17:53,62,5633
2025-04-12 09:12:47,66.3,6026
2025-04-12 09:11:47,67.1,6100
2025-04-12 09:05:41,72.5,6592
2025-04-12 09:00:33,77.1,7009
2025-04-12 08:59:33,78.1,7099
2025-04-12 08:52:24,85.1,7738
2025-04-12 08:47:20,90.3,8205
2025-04-12 08:42:14,96.7,8787
2025-04-12 08:37:10,104,9451
2025-04-12 08:32:05,109.4,9942
2025-04-12 08:29:05,110,9999
2025-04-12 08:20:54,110,9999
2025-04-12 08:18:54,110,9999
2025-04-12 08:17:54,109.9,9991
2025-04-12 08:14:54,110.1,10007
2025-04-12 08:01:54,109.9,9991
2025-04-12 05:20:05,109.8,9983
2025-04-12 04:16:05,109.8,9983
2025-04-12 04:04:05,109.7,9975
2025-04-12 03:09:23,109.6,9966
2025-04-12 02:54:04,109.6,9966
2025-04-12 02:48:59,109.5,9958
2025-04-12 02:43:53,109.5,9958
2025-04-12 02:38:47,110,9999
2025-04-12 02:29:47,110,9999
2025-04-12 02:24:32,109.8,9983
2025-04-12 02:10:18,109.5,9958
2025-04-12 01:28:18,109.5,9950
2025-04-12 00:50:40,109.3,9934
2025-04-12 00:28:06,109.3,9934
2025-04-11 23:57:06,109.6,9966
2025-04-11 23:48:06,109.6,9966
2025-04-11 23:21:39,109.5,9950
2025-04-11 23:04:39,109.5,9950
2025-04-11 22:16:21,109.3,9934
2025-04-11 21:48:21,109.1,9917
2025-04-11 21:28:28,108.9,9901
2025-04-11 21:18:28,108.9,9901
2025-04-11 20:49:38,108.6,9876
2025-04-11 20:44:32,108.6,9868
2025-04-11 20:43:32,108.6,9868
2025-04-11 20:42:32,108.6,9876
2025-04-11 20:27:32,108.5,9860
2025-04-11 19:29:03,107.5,9770
2025-04-11 19:28:03,107.6,9778
2025-04-11 19:20:03,107.4,9762
2025-04-11 19:09:03,107.1,9737
2025-04-11 19:02:26,106.8,9713
2025-04-11 18:57:23,106.7,9696
2025-04-11 18:56:23,106.7,9705
2025-04-11 18:47:08,106.2,9655
2025-04-11 18:42:04,105.9,9631
2025-04-11 18:36:58,105.4,9582
2025-04-11 18:31:55,105,9549
2025-04-11 18:30:55,105,9549
2025-04-11 18:14:31,103.8,9435
2025-04-11 18:13:31,103.7,9426
2025-04-11 18:07:25,103,9360
2025-04-11 18:02:19,102.2,9286
2025-04-11 17:57:13,101,9180
2025-04-11 17:52:10,99.2,9016
2025-04-11 17:47:04,95.4,8673
2025-04-11 17:41:59,78.3,7115
2025-04-11 17:36:55,64,5822
2025-04-11 17:31:49,78.8,7165
2025-04-11 17:26:45,101.2,9196
2025-04-11 17:21:40,100,9090
2025-04-11 17:16:36,98.2,8926
2025-04-11 17:11:29,95,8639
2025-04-11 17:06:24,82.1,7460
2025-04-11 17:01:18,68.3,6206
2025-04-11 16:56:13,84.4,7673
2025-04-11 16:51:06,58,5273
2025-04-11 16:46:02,71.4,6494
2025-04-11 16:40:57,65.2,5928
2025-04-11 16:35:51,67.2,6108
2025-04-11 16:30:46,66.8,6075
2025-04-11 16:25:40,72.6,6600
2025-04-11 16:20:34,69.2,6288
2025-04-11 16:15:30,70.3,6386
2025-04-11 16:10:25,70.8,6435
2025-04-11 16:05:20,67,6092
2025-04-11 16:00:15,67.2,6108
2025-04-11 15:55:09,62.8,5706
2025-04-11 15:50:05,65.9,5994
2025-04-11 15:44:59,71.8,6526
2025-04-11 15:39:54,72.8,6616
2025-04-11 15:34:48,67.4,6125
2025-04-11 15:29:44,65.1,5920
2025-04-11 15:24:38,66.2,6018
2025-04-11 15:19:31,63.1,5740
2025-04-11 15:14:25,66.5,6043
2025-04-11 15:09:21,70.3,6386
2025-04-11 15:04:16,75.7,6878
2025-04-11 14:59:11,75,6821
2025-04-11 14:54:05,67.6,6141
2025-04-11 14:49:00,70.1,6370
2025-04-11 14:43:55,79.1,7189
2025-04-11 14:38:50,80,7272
2025-04-11 14:33:46,79,7181
2025-04-11 14:28:41,84.9,7722
2025-04-11 14:24:43,106.8,9713
2025-04-11 14:15:43,110.2,10015
2025-04-11 13:28:28,109.9,9991
2025-04-11 13:19:28,109.9,9991
2025-04-11 12:34:19,109.4,9942
2025-04-11 12:31:19,109.4,9942
2025-04-11 12:22:09,109.1,9917
2025-04-11 12:17:03,108.8,9893
2025-04-11 12:16:03,108.8,9893
2025-04-11 12:09:53,108.4,9852
2025-04-11 12:04:49,107.8,9803
2025-04-11 11:59:45,107,9729
2025-04-11 11:54:39,104.8,9525
2025-04-11 11:49:35,96.7,8787
2025-04-11 11:44:25,78.5,7132
2025-04-11 11:39:47,95.6,8689
2025-04-11 11:23:47,110.2,10015
2025-04-11 10:00:09,110.2,10015
2025-04-11 09:55:04,110.2,10015
2025-04-11 09:54:04,110.4,10040
2025-04-11 09:17:16,110.6,10056
2025-04-11 08:43:38,110.6,10056
2025-04-11 08:42:38,110.5,10048
2025-04-11 07:46:27,110.1,10007
2025-04-11 07:41:23,110.6,10056
2025-04-11 07:32:14,110.4,10032
2025-04-11 07:30:14,110.6,10056
2025-04-11 07:27:14,110.4,10040
2025-04-11 07:24:14,110.6,10056
2025-04-11 07:22:14,110.4,10040
2025-04-11 07:19:14,110.6,10056
2025-04-11 07:16:14,110.4,10040
2025-04-11 07:14:14,110.6,10056
2025-04-11 05:44:58,110.6,10056
2025-04-11 05:38:51,110.6,10056
2025-04-11 05:31:51,110.2,10015
2025-04-11 04:02:51,110.2,10015
2025-04-11 03:21:51,110.1,10007
2025-04-11 01:02:03,110,9999
2025-04-10 22:01:16,110,9999
2025-04-10 21:54:08,110,9999
2025-04-10 21:49:03,110,9999
2025-04-10 21:43:57,110.4,10032
2025-04-10 21:35:57,110.4,10040
2025-04-10 20:12:57,110.5,10048
2025-04-10 19:11:45,110.6,10056
2025-04-10 18:12:45,110.6,10056
2025-04-10 16:11:06,110.5,10048
2025-04-10 15:17:06,110.4,10040
2025-04-10 14:25:49,110.3,10024
2025-04-10 14:20:45,110.3,10024
2025-04-10 14:15:40,109.8,9983
2025-04-10 13:27:40,109.8,9983
2025-04-10 12:57:05,109.7,9975
2025-04-10 12:29:05,109.6,9966
2025-04-10 12:08:02,109.5,9950
2025-04-10 11:48:02,109.5,9950
2025-04-10 11:13:59,109.2,9925
2025-04-10 11:08:59,109.2,9925
2025-04-10 10:43:16,108.9,9901
2025-04-10 10:36:16,108.8,9893
2025-04-10 10:28:00,108.6,9876
2025-04-10 10:25:00,108.6,9876
2025-04-10 10:07:39,108.3,9844
2025-04-10 10:04:39,108.2,9835
2025-04-10 09:59:29,108,9819
2025-04-10 09:58:29,108,9819
2025-04-10 09:46:15,107.5,9770
2025-04-10 09:41:10,107.1,9737
2025-04-10 09:40:10,107.1,9737
2025-04-10 09:32:59,106.4,9672
2025-04-10 09:27:54,105.8,9615
2025-04-10 09:22:49,104.8,9525
2025-04-10 09:17:44,103.1,9368
2025-04-10 09:12:38,99.7,9065
2025-04-10 09:07:35,86.7,7885
2025-04-10 09:02:25,66.6,6051
2025-04-10 08:57:21,73.1,6649
2025-04-10 08:56:21,74.8,6796
2025-04-10 08:51:14,82.1,7460
2025-04-10 08:46:10,89.3,8115
2025-04-10 08:41:04,96,8730
2025-04-10 08:35:59,103.4,9401
2025-04-10 08:30:55,109.3,9934
2025-04-10 08:29:55,109.9,9991
2025-04-10 08:11:55,110.1,10007
2025-04-10 07:58:55,109.9,9991
2025-04-10 07:53:02,110.1,10007
2025-04-10 07:44:53,110,9999
2025-04-10 07:39:48,109.9,9991
2025-04-10 07:38:48,110.3,10024
2025-04-10 07:37:48,110.4,10032
2025-04-10 07:27:48,110.1,10007
2025-04-10 07:25:48,110.4,10032
2025-04-10 07:16:48,110.2,10015
2025-04-10 07:12:48,110.4,10040
2025-04-10 05:18:45,110.4,10040
2025-04-10 02:18:00,110.4,10040
2025-04-10 01:47:27,110.4,10032
2025-04-09 22:46:36,110.4,10032
2025-04-09 22:41:36,110.4,10032
2025-04-09 21:29:36,110.4,10040
2025-04-09 19:45:43,110.5,10048
2025-04-09 19:35:43,110.6,10056
2025-04-09 18:02:21,110.7,10065
2025-04-09 18:01:21,110.6,10056
2025-04-09 15:01:27,110.6,10056
2025-04-09 14:22:27,110.6,10056
2025-04-09 13:52:27,110.5,10048
2025-04-09 12:00:54,110.4,10040
2025-04-09 11:32:54,110.4,10040
2025-04-09 09:00:13,110.4,10032
2025-04-09 08:02:55,110.4,10040
2025-04-09 07:50:44,110.4,10040
2025-04-09 07:45:44,110.4,10032
2025-04-09 07:42:44,110.2,10015
2025-04-09 07:40:44,110.4,10032
2025-04-09 07:37:44,110.1,10007
2025-04-09 07:31:20,110.3,10024
2025-04-09 07:30:20,110.4,10032
2025-04-09 07:25:13,110.4,10040
2025-04-09 07:22:13,110.4,10032
2025-04-09 07:16:06,110.3,10024
2025-04-09 07:13:06,110.4,10040
2025-04-09 06:56:06,110.4,10040
2025-04-09 05:36:04,110.5,10048
2025-04-09 04:35:57,110.5,10048
2025-04-09 04:32:57,110.5,10048
2025-04-09 04:22:57,110.6,10056
2025-04-09 04:09:17,110.4,10040
2025-04-09 03:44:17,110.1,10007
2025-04-09 01:40:08,110,9999
2025-04-08 22:39:18,110,9999
2025-04-08 21:56:29,110,9999
2025-04-08 21:16:38,110,9999
2025-04-08 21:05:26,110,9999
2025-04-08 21:00:22,110.1,10007
2025-04-08 20:55:13,110.5,10048
2025-04-08 20:48:13,110.4,10040
2025-04-08 19:29:23,110.5,10048
2025-04-08 19:28:23,110.6,10056
2025-04-08 18:45:23,110.6,10056
2025-04-08 16:28:48,110.7,10065
2025-04-08 16:08:48,110.7,10065
2025-04-08 15:24:48,110.6,10056
2025-04-08 13:28:11,110.5,10048
2025-04-08 13:14:11,110.5,10048
2025-04-08 10:27:25,110.4,10040
2025-04-08 08:26:05,110.4,10040
2025-04-08 07:40:05,110.2,10015
2025-04-08 07:36:05,110.4,10032
2025-04-08 07:34:05,110.2,10015
2025-04-08 07:28:05,110.4,10040
2025-04-08 07:23:05,110.2,10015
2025-04-08 07:16:05,110.4,10040
2025-04-08 07:13:05,110.3,10024
2025-04-08 05:25:27,110.5,10048
2025-04-08 04:08:27,110.5,10048
2025-04-08 02:24:43,110.4,10040
2025-04-08 02:21:43,110.4,10040
2025-04-07 23:23:53,110.4,10032
2025-04-07 22:42:53,110.4,10032
2025-04-07 20:23:13,110.4,10040
2025-04-07 20:09:13,110.4,10040
2025-04-07 19:10:13,110.5,10048
2025-04-07 17:22:30,110.6,10056
2025-04-07 16:24:30,110.6,10056
2025-04-07 15:28:07,110.7,10065
2025-04-07 15:03:07,110.6,10056
2025-04-07 14:12:07,110.5,10048
2025-04-07 12:32:18,110.4,10040
2025-04-07 11:43:18,110.4,10040
2025-04-07 09:32:17,110.4,10032
2025-04-07 08:24:52,110.4,10032
2025-04-07 07:50:52,110.4,10032
2025-04-07 07:45:06,110.3,10024
2025-04-07 07:30:52,110.2,10015
2025-04-07 07:29:52,110.1,10007
2025-04-07 07:24:43,110.2,10015
2025-04-07 07:20:43,110.4,10032
2025-04-07 06:56:43,110.4,10032
2025-04-07 05:41:45,110.4,10040
2025-04-07 02:40:50,110.4,10040
2025-04-07 01:46:50,110.4,10032
2025-04-06 23:40:18,110.3,10024
2025-04-06 20:39:35,110.3,10024
2025-04-06 20:08:59,110.3,10024
2025-04-06 20:04:59,110.3,10024
2025-04-06 17:08:14,110.4,10032
2025-04-06 14:07:18,110.4,10032
2025-04-06 12:43:38,110.4,10032
2025-04-06 12:41:38,110.4,10032
2025-04-06 09:42:55,110.3,10024
2025-04-06 08:43:55,110.2,10015
2025-04-06 07:53:55,110.2,10015
2025-04-06 07:35:55,109.9,9991
2025-04-06 07:32:55,110.1,10007
2025-04-06 07:18:59,110.1,10007
2025-04-06 07:13:54,109.9,9991
2025-04-06 07:09:54,110.1,10007
2025-04-06 07:07:54,110.1,10007
2025-04-06 04:18:14,110.2,10015
2025-04-06 03:34:14,110.2,10015
2025-04-06 01:17:23,110.1,10007
2025-04-06 01:14:23,110.1,10007
2025-04-05 22:16:40,110,9999
2025-04-05 21:23:40,110,9999
2025-04-05 19:15:57,110.1,10007
2025-04-05 17:02:06,110.1,10007
2025-04-05 14:01:13,110.1,10007
2025-04-05 13:19:19,110.1,10007
2025-04-05 13:17:19,110.1,10007
2025-04-05 10:18:43,110,9999
2025-04-05 10:09:43,110,9999
2025-04-05 07:18:05,109.9,9991
2025-04-05 07:07:05,109.8,9983
2025-04-05 07:04:05,110,9999
2025-04-05 04:17:23,110,9999
2025-04-05 01:16:27,110,9999
2025-04-04 22:15:46,110,9999
2025-04-04 19:15:05,110,9999
2025-04-04 18:57:05,110,9999
2025-04-04 16:14:32,110.1,10007
2025-04-04 13:13:51,110.1,10007
2025-04-04 10:13:05,110.1,10007
2025-04-04 10:08:00,110.1,10007
2025-04-04 10:04:00,109.6,9966
2025-04-04 08:23:43,109.6,9966
2025-04-04 08:04:11,109.5,9958
2025-04-04 07:48:54,109.5,9958
2025-04-04 07:43:49,109.5,9950
2025-04-04 07:38:45,109.4,9942
2025-04-04 07:33:40,109.9,9991
2025-04-04 07:28:35,109.9,9991
2025-04-04 07:27:35,109.8,9983
2025-04-04 07:22:22,109.7,9975
2025-04-04 07:19:22,109.9,9991
2025-04-04 07:11:22,109.8,9983
2025-04-04 06:23:10,110,9999
2025-04-04 03:22:31,110,9999
2025-04-04 00:21:46,110,9999
2025-04-04 00:10:28,109.9,9991
2025-04-04 00:00:28,110,9999
2025-04-03 23:33:47,110,9999
2025-04-03 23:24:34,109.9,9991
2025-04-03 23:16:34,110,9999
2025-04-03 22:51:52,110,9999
2025-04-03 22:34:29,110,9999
2025-04-03 22:31:29,110,9999
2025-04-03 21:12:46,109.9,9991
2025-04-03 21:09:46,110,9999
2025-04-03 18:12:01,109.9,9991
2025-04-03 17:05:38,109.9,9991
2025-04-03 16:37:03,109.9,9991
2025-04-03 16:31:58,109.8,9983
2025-04-03 15:42:56,109.4,9942
2025-04-03 14:46:56,109.4,9942
2025-04-03 14:15:56,109.3,9934
2025-04-03 12:42:15,109.2,9925
2025-04-03 11:54:20,109.2,9925
2025-04-03 11:27:20,109.1,9917
2025-04-03 10:57:00,108.9,9901